PRODUCT NAME,PRODUCT PRICE,PRODUCT RATING,URL
Samsung 108 cm (43 inches) The Frame Series 4K Ultra HD Smart QLED TV QA43LS03AAKLXL (Black) (2021 Model),"₹61,990", ,https://m.media-amazon.com/images/I/71YDVrHosvS._AC_UY218_.jpg
Samsung 80 cm (32 inches) Wondertainment Series HD Ready LED Smart TV UA32TE40AAKBXL (Titan Gray) (2020 Model),"₹19,240", ,https://m.media-amazon.com/images/I/81N8UlFd0kL._AC_UY218_.jpg
Mi 80 cm (32 inches) HD Ready Android Smart LED TV 4A PRO | L32M5-AL (Black),"₹16,999", ,https://m.media-amazon.com/images/I/71Z+l05eSIS._AC_UY218_.jpg
eAirtec 61 cms (24 inches) HD Ready LED TV 24DJ (Black) (2020 Model),"₹7,850",4.0 out of 5 stars,https://m.media-amazon.com/images/I/71FutyZQeXL._AC_UY218_.jpg
LG 80 cm (32 inches) HD Ready Smart LED TV 32LM563BPTC (Dark Iron Gray) (2020 Model),"₹17,999", ,https://m.media-amazon.com/images/I/71uKCdULRgL._AC_UY218_.jpg
OnePlus 80 cm (32 inches) Y Series HD Ready LED Smart Android TV 32Y1 (Black) (2020 Model),"₹18,999",4.2 out of 5 stars,https://m.media-amazon.com/images/I/71vZypjNkPS._AC_UY218_.jpg
OnePlus 108 cm (43 inches) Y Series Full HD LED Smart Android TV 43Y1 (Black) (2020 Model),"₹29,499",4.2 out of 5 stars,https://m.media-amazon.com/images/I/71vZLIfj5yS._AC_UY218_.jpg
Samsung 80 cm (32 inches) Wondertainment Series HD Ready LED Smart TV UA32TE40AAKBXL (Titan Gray) (2020 Model),"₹19,240", ,https://m.media-amazon.com/images/I/81N8UlFd0kL._AC_UY218_.jpg
eAirtec 102 cms (40 inches) HD Ready Smart LED TV 40DJSM (Black) (2020 Model),"₹15,350",3.9 out of 5 stars,https://m.media-amazon.com/images/I/61rLf+-jsWL._AC_UY218_.jpg
TCL 107.86 cm (43 inches) Full HD LED Certified Android Smart TV P30 43P30FS (Black),"₹23,999",4.0 out of 5 stars,https://m.media-amazon.com/images/I/81SQ3nSk7rL._AC_UY218_.jpg
Samsung 108 cm (43 inches) Crystal 4K Series Ultra HD Smart LED TV UA43AUE60AKLXL (Black) (2021 Model),"₹38,990", ,https://m.media-amazon.com/images/I/61GwJAhftvS._AC_UY218_.jpg
Samsung 138 cm (55 Inches) Wondertainment Series Ultra HD LED Smart TV UA55TUE60AKXXL (Titan Gray) (2020 model),"₹51,999", ,https://m.media-amazon.com/images/I/71Gp8RVxmhL._AC_UY218_.jpg
TCL 100 cm (40 inches) Full HD Certified Android Smart LED TV 40S6500FS (Black) (2020 Model),"₹24,999",4.2 out of 5 stars,https://m.media-amazon.com/images/I/71WFfsR5sRL._AC_UY218_.jpg
VW 60 cm (24 inches) HD Ready LED TV VW24A (Black) (2021 Model),"₹8,999", ,https://m.media-amazon.com/images/I/81FjmqtQUjL._AC_UY218_.jpg
Vu 108 cm (43 inches) Full HD UltraAndroid LED TV 43GA (Black) (2019 Model),"₹26,990", ,https://m.media-amazon.com/images/I/71ka35uD4QL._AC_UY218_.jpg
Samsung 80 cm (32 Inches) Wondertainment Series HD Ready LED Smart TV UA32T4340AKXXL (Glossy Black) (2020 Model),"₹18,290", ,https://m.media-amazon.com/images/I/71fEd9glTIL._AC_UY218_.jpg
LG 108 cm (43 inches) Full HD LED Smart TV 43LM5650PTA (Ceramic Black) (2020 Model),"₹33,990", ,https://m.media-amazon.com/images/I/7173oa2fxXL._AC_UY218_.jpg
Mi 108 cm (43 Inches) 4K Ultra HD Android Smart LED TV 4X|L43M4-4AIN (Black),"₹29,999", ,https://m.media-amazon.com/images/I/612oGaxp3DS._AC_UY218_.jpg
Mi 108 cm (43 Inches) Full HD Android Smart LED TV 4A PRO|L43M5-AN (Black),"₹26,999", ,https://m.media-amazon.com/images/I/71deZZ0oDMS._AC_UY218_.jpg
eAirtec 81 cms (32 inches) HD Ready Smart LED TV 32DJSM (Black) (2020 Model),"₹11,699",3.9 out of 5 stars,https://m.media-amazon.com/images/I/61LHJpk2HfL._AC_UY218_.jpg
Croma 80 cm (32 Inches) HD Ready LED TV CREL7369 (Black) (2021 Model),"₹12,990", ,https://m.media-amazon.com/images/I/71MjjIugSbL._AC_UY218_.jpg
Philips 126 cm (50 inches) 4K Ultra HD LED Android Smart TV 50PUT8215/94 (Black) (2021 Model) | With Voice Assistant,"₹46,999", ,https://m.media-amazon.com/images/I/71jj8z2WkxS._AC_UY218_.jpg
Samsung 125 cm (50 inches) Crystal 4K Series Ultra HD Smart LED TV UA50AUE60AKLXL (Black) (2021 Model),"₹51,990", ,https://m.media-amazon.com/images/I/61GwJAhftvS._AC_UY218_.jpg
Samsung 125 cm (50 inches) The Frame Series 4K Ultra HD Smart QLED TV QA50LS03AAKLXL (Black) (2021 Model),"₹77,990", ,https://m.media-amazon.com/images/I/71YDVrHosvS._AC_UY218_.jpg
Samsung 80 cm (32 Inches) HD Ready LED TV UA32T4010ARXXL (Black) (2020 model),"₹16,290",4.2 out of 5 stars,https://m.media-amazon.com/images/I/81N7bMl70HL._AC_UY218_.jpg
eAirtec 81 cms (32 inches) HD Ready LED TV 32DJ (Black) (2020 Model),"₹10,750",3.9 out of 5 stars,https://m.media-amazon.com/images/I/81t2A6uhm4L._AC_UY218_.jpg
VW 80 cm (32 inches) HD Ready LED Smart TV VW32S (Black) (2021 Model),"₹12,299", ,https://m.media-amazon.com/images/I/81P1pYfcJPL._AC_UY218_.jpg
VW 60 cm (24 inches) HD Ready Smart LED TV VW24S (Black) (2021 Model),"₹10,299", ,https://m.media-amazon.com/images/I/816HhfSBNxL._AC_UY218_.jpg
iFFALCON 80 cm (32 inches) HD Ready Android Smart LED TV 32F2A (Black) (2021 Model) | With Built-in Voice Assistant,"₹15,999", ,https://m.media-amazon.com/images/I/81N5PxG5t5L._AC_UY218_.jpg
Kodak 80 cm (32 Inches) HD Ready LED TV Kodak 32HDX900S (Black),"₹12,499",4.1 out of 5 stars,https://m.media-amazon.com/images/I/811tmylJsgL._AC_UY218_.jpg
VW 80 cm (32 inches) HD Ready LED TV VW32A (Black) (2021 Model),"₹10,999", ,https://m.media-amazon.com/images/I/81xXlShklCL._AC_UY218_.jpg
Mi 80 cm (32 inches) Horizon Edition HD Ready Android Smart LED TV 4A|L32M6-EI (Grey),"₹17,499", ,https://m.media-amazon.com/images/I/91EPNWiKDUL._AC_UY218_.jpg
TCL 100 cm (40 inches) Full HD Certified Android Smart LED TV 40S6500FS (Black) (2020 Model),"₹24,999",4.2 out of 5 stars,https://m.media-amazon.com/images/I/71WFfsR5sRL._AC_UY218_.jpg
Sanyo 108 cm (43 inches) Kaizen Series Full HD Certified Android LED TV XT-43FHD4S (Black) (2020 Model),"₹26,999", ,https://m.media-amazon.com/images/I/81CU76hBEyL._AC_UY218_.jpg
Kodak 102 cm (40 Inches) Full HD Certified Android LED TV 40FHDX7XPRO (Black) (2020 Model),"₹20,989", ,https://m.media-amazon.com/images/I/81A0bCUfYAL._AC_UY218_.jpg
eAirtec 81 cm (32 Inches) HD Ready Smart LED TV 32 SM VC (Black) (2020 Model) | with Voice Command Remote,"₹12,500",4.1 out of 5 stars,https://m.media-amazon.com/images/I/717-FdDErmL._AC_UY218_.jpg
AmazonBasics 127cm (50 inch) 4K Ultra HD Smart LED Fire TV AB50U20PS (Black),"₹38,999",4.1 out of 5 stars,https://m.media-amazon.com/images/I/71AqQyCMmeL._AC_UY218_.jpg
iFFALCON 103 cm (40 inches) Full HD Android Smart LED TV 40F2A (Black) (2021 Model) | With Built-in Voice Assistant,"₹22,999", ,https://m.media-amazon.com/images/I/81N5PxG5t5L._AC_UY218_.jpg
Toshiba 80 cm (32 inches) Vidaa OS Series HD Ready Smart ADS LED TV 32L5050 (Black) (2020 Model),"₹15,990", ,https://m.media-amazon.com/images/I/613ANDbJO-S._AC_UY218_.jpg
LG 108 cm (43 inches) 4K Ultra HD Smart LED TV 43UP7500PTZ (Rocky Black) (2021 Model),"₹38,990",4.2 out of 5 stars,https://m.media-amazon.com/images/I/81e0B7ek-8L._AC_UY218_.jpg
VW 100 cms (40 inches) HD Ready Smart LED TV VW40S (Black) (2021 Model),"₹16,799", ,https://m.media-amazon.com/images/I/81epE6a2PyL._AC_UY218_.jpg
Kevin 60 cm (24 Inches) HD Ready Smart LED TV KN24PRO (Black) (2021 Model) | With Inbuilt Soundbar,"₹10,299", ,https://m.media-amazon.com/images/I/81KntMwtZzL._AC_UY218_.jpg
Hisense 177 cm (70 inches) 4K Ultra HD Smart Certified Android LED TV 70A71F (Black) (2021 Model) | With Dolby Vision and ATMOS,"₹94,999",4.2 out of 5 stars,https://m.media-amazon.com/images/I/61fgCxYSR0S._AC_UY218_.jpg
Philips 139 cm (55 inches) 4K UHD LED Android Smart TV 55PUT8215/94 (Black) (2021 Model) | With Voice Assistant,"₹52,990",4.2 out of 5 stars,https://m.media-amazon.com/images/I/81v5x50PVTL._AC_UY218_.jpg
Samsung 108 cm (43 inches) Crystal 4K Pro Series Ultra HD Smart LED TV UA43AUE70AKLXL (Black) (2021 Model),"₹40,990", ,https://m.media-amazon.com/images/I/61GwJAhftvS._AC_UY218_.jpg
Samsung 163 cm (65 inches) The Frame Series 4K Ultra HD Smart QLED TV QA65LS03AAKLXL (Black) (2021 Model),"₹1,29,990", ,https://m.media-amazon.com/images/I/71YDVrHosvS._AC_UY218_.jpg
VW 100 cm (40 inches) HD Ready Smart LED TV VW40CA (Black) (2021 Model),"₹15,499", ,https://m.media-amazon.com/images/I/81epE6a2PyL._AC_UY218_.jpg
eAirtec 102 cm (40 inches) HD Ready LED TV 40DJ (Black) (2020 Model),"₹14,500",4.0 out of 5 stars,https://m.media-amazon.com/images/I/81P3rFYr9LL._AC_UY218_.jpg
AKAI 80 cm (32 inches) HD Ready Smart LED TV AKLT32S-D329W (Black) (2021 Model),"₹15,990", ,https://m.media-amazon.com/images/I/713K6AdnpZL._AC_UY218_.jpg
Onida 80 cm (32 inches) HD Ready Smart LED Fire TV 32HIF1 (Black) (2021 Model) | Voice Remote with Alexa,"₹18,999", ,https://m.media-amazon.com/images/I/81eo9NYVifL._AC_UY218_.jpg
Kevin 60 cm (24 Inches) HD Ready LED TV KN24832 (Black) | With Inbuilt Soundbar (2021 Model),"₹9,199",4.2 out of 5 stars,https://m.media-amazon.com/images/I/81VBeEz7TBL._AC_UY218_.jpg
LG 139.7 cm (55 inches) 4K Ultra HD Smart LED TV 55UP7500PTZ (Rocky Black) (2021 Model),"₹54,990",4.2 out of 5 stars,https://m.media-amazon.com/images/I/81I1sw-FBgL._AC_UY218_.jpg
AmazonBasics 80cm (32 inch) HD Ready Smart LED Fire TV AB32E10SS (Black) (2020 Model),"₹16,999",4.1 out of 5 stars,https://m.media-amazon.com/images/I/71m0Nn4vqOL._AC_UY218_.jpg
eAirtec 102 cm (40 Inches) HD Ready Smart LED TV 40DJSM (Black) (2021 Model),"₹15,350",3.8 out of 5 stars,https://m.media-amazon.com/images/I/61yi0A6DYSS._AC_UY218_.jpg
Hisense 139 cm (55 inches) 4K Ultra HD Smart Certified Android LED TV 55A73F (Black) (2020 Model) | With JBL 6 Speaker System,"₹48,990", ,https://m.media-amazon.com/images/I/61PjcI+TxTS._AC_UY218_.jpg
Dyanora 106 cm (42 Inches) Full HD LED TV DY-LD42F3S (Black) (2021 Model),"₹21,999", ,https://m.media-amazon.com/images/I/71Hsz4AfLKL._AC_UY218_.jpg
eAirtec 60 cm (24 Inches) HD Ready Smart Android LED TV 24DJSmart (Black) (2021 Model),"₹9,500", ,https://m.media-amazon.com/images/I/61V-qu711vL._AC_UY218_.jpg
VW 80 cm (32 inches) HD Ready LED Smart TV VW32PRO (Black) (2021 Model),"₹13,499", ,https://m.media-amazon.com/images/I/81P1pYfcJPL._AC_UY218_.jpg
Kodak 60 cm (24 inch) HD Ready LED TV  24HDX100s (Black),"₹9,499",3.9 out of 5 stars,https://m.media-amazon.com/images/I/71m5ZSLGZfL._AC_UY218_.jpg
AKAI 98 cm (40 inches) Full HD Smart LED TV AKLT40S-D409W (Black) (2021 Model),"₹22,500", ,https://m.media-amazon.com/images/I/71FcGnVkB3L._AC_UY218_.jpg
Croma 80 cm (32 Inches) HD Ready LED TV CREL7369 (Black) (2021 Model),"₹12,990", ,https://m.media-amazon.com/images/I/71MjjIugSbL._AC_UY218_.jpg
AmazonBasics 108cm (43 inch) 4K Ultra HD Smart LED Fire TV AB43U20PS (Black),"₹29,999",4.1 out of 5 stars,https://m.media-amazon.com/images/I/71AqQyCMmeL._AC_UY218_.jpg
Kevin 100 cm (40 inches) HD Ready LED Smart TV KN40SCA (Black) (2021 Model),"₹17,999",4.2 out of 5 stars,https://m.media-amazon.com/images/I/81W3M6Mqp2L._AC_UY218_.jpg
Sony Bravia 80 cm (32 inches) HD Ready Smart LED TV 32W6103 (Black) (2021 Model),"₹26,490", ,https://m.media-amazon.com/images/I/915X01--m2S._AC_UY218_.jpg
TCL 107.86 cm (43 inches) Full HD LED Certified Android Smart TV P30 43P30FS (Black),"₹23,999",4.0 out of 5 stars,https://m.media-amazon.com/images/I/81SQ3nSk7rL._AC_UY218_.jpg
Samsung 138 cm (55 inches) The Frame Series 4K Ultra HD Smart QLED TV QA55LS03AAKLXL (Black) (2021 Model),"₹93,990", ,https://m.media-amazon.com/images/I/71YDVrHosvS._AC_UY218_.jpg
TCL 139 cm (55 inches) AI 4K Ultra HD Certified Android Smart LED TV 55P715 (Silver) (2020 Model) | With Remote Less Voice Control,"₹41,999", ,https://m.media-amazon.com/images/I/81JMkz+KNoL._AC_UY218_.jpg
AKAI 60 cms (24 Inches) HD Ready LED TV AKLT24N-D53W (Black),"₹10,999", ,https://m.media-amazon.com/images/I/81I3-t-lKQL._AC_UY218_.jpg
TCL 79.9 cm (32 Inches) HD Ready Certified Android Smart LED TV 32S65A (Black) (2020 Model),"₹16,499",4.2 out of 5 stars,https://m.media-amazon.com/images/I/71OoBhxWsnS._AC_UY218_.jpg
Toshiba 108 cm (43 inches) Vidaa OS Series Full HD Smart ADS LED TV 43L5050 (Black) (2020 Model),"₹24,990", ,https://m.media-amazon.com/images/I/613ANDbJO-S._AC_UY218_.jpg
Samsung 108 cm (43 inches) Crystal 4K Pro Series Ultra HD Smart LED TV UA43AUE70AKLXL (Black) (2021 Model),"₹40,990", ,https://m.media-amazon.com/images/I/61GwJAhftvS._AC_UY218_.jpg
Hisense 108 cm (43 inches) 4K Ultra HD Smart Certified Android LED TV 43A6GE (Black) (2021 Model) | With Dolby Vision and Atmos,"₹31,990", ,https://m.media-amazon.com/images/I/71ao31dcPoL._AC_UY218_.jpg
Samsung 108 cm (43 inches) Crystal 4K Series Ultra HD Smart LED TV UA43AUE60AKLXL (Black) (2021 Model),"₹38,990", ,https://m.media-amazon.com/images/I/61GwJAhftvS._AC_UY218_.jpg
Kevin 80 cm (32 Inches) HD Ready Smart LED TV KN32A (Black) (2021 Model) | With Alexa Built-in,"₹13,999",4.1 out of 5 stars,https://m.media-amazon.com/images/I/71UuZdVYUnL._AC_UY218_.jpg
TCL 80 cm (32 inches) HD Ready Certified Android Smart LED TV 32S6500S (Black) (2020 Model),"₹18,999",4.2 out of 5 stars,https://m.media-amazon.com/images/I/71Ou3LG40jL._AC_UY218_.jpg
Mi 108 cm (43 inches) Horizon Edition Full HD Android LED TV 4A|L43M6-EI (Black),"₹27,999", ,https://m.media-amazon.com/images/I/71Cf27AHBEL._AC_UY218_.jpg
AKAI 60 cms (24 Inches) HD Ready LED TV AKLT24N-D53W (Black),"₹10,999", ,https://m.media-amazon.com/images/I/81I3-t-lKQL._AC_UY218_.jpg
Samsung 138 cm (55 inches) Crystal 4K Pro Series Ultra HD Smart LED TV UA55AUE70AKLXL (Black) (2021 Model),"₹57,990", ,https://m.media-amazon.com/images/I/61GwJAhftvS._AC_UY218_.jpg
Mi 108 cm (43 inches) Horizon Edition Full HD Android LED TV 4A|L43M6-EI (Black),"₹27,999", ,https://m.media-amazon.com/images/I/71Cf27AHBEL._AC_UY218_.jpg
TCL 126 cm (50 inches) AI 4K Ultra HD Certified Android Smart LED TV 50P715 (Silver) (2020 Model) | With Remote Less Voice Control,"₹34,944",4.1 out of 5 stars,https://m.media-amazon.com/images/I/81JMkz+KNoL._AC_UY218_.jpg
Vu 164cm (65inches) Cinema TV Action Series 4K Ultra HD LED Smart Android TV 65LX (Black) (2021 Model) I With 100 watt Front Soundbar,"₹68,449", ,https://m.media-amazon.com/images/I/61g2N0Z0SSL._AC_UY218_.jpg
Samsung 125 cm (50 inches) Crystal 4K Pro Series Ultra HD Smart LED TV UA50AUE70AKLXL (Black) (2021 Model),"₹54,990", ,https://m.media-amazon.com/images/I/61GwJAhftvS._AC_UY218_.jpg
Shinco 80 cm (32 Inches) HD Ready LED TV SO3A (Black) (2020 model),"₹12,990",4.1 out of 5 stars,https://m.media-amazon.com/images/I/712GhOeDGKS._AC_UY218_.jpg
Sony Bravia 108 cm (43 inches) Full HD Smart LED TV KDL-43W6603 (Black) (2020 Model),"₹44,900", ,https://m.media-amazon.com/images/I/81lpllAGcBL._AC_UY218_.jpg
LG 127 cm (50 inches) 4K Ultra HD Smart LED TV 50UP7500PTZ (Rocky Black) (2021 Model),"₹50,990",4.2 out of 5 stars,https://m.media-amazon.com/images/I/81U+uLusacL._AC_UY218_.jpg
Samsung 125 cm (50 inches) Crystal 4K Pro Series Ultra HD Smart LED TV UA50AUE70AKLXL (Black) (2021 Model),"₹54,990", ,https://m.media-amazon.com/images/I/61GwJAhftvS._AC_UY218_.jpg
Mi 108 cm (43 Inches) Full HD Android Smart LED TV 4A PRO|L43M5-AN (Black),"₹26,999", ,https://m.media-amazon.com/images/I/71deZZ0oDMS._AC_UY218_.jpg
Sanyo 126 cm (50 inches) Kaizen Series 4K Ultra HD Certified Android LED TV XT-50UHD4S (Black) (2020 Model),"₹37,999", ,https://m.media-amazon.com/images/I/81pV-GXX-bL._AC_UY218_.jpg
Mi 108 cm (43 Inches) 4K Ultra HD Android Smart LED TV 4X|L43M4-4AIN (Black),"₹29,999", ,https://m.media-amazon.com/images/I/612oGaxp3DS._AC_UY218_.jpg
iFFALCON 139 cm (55 inches) 4K Ultra HD Smart Certified Android LED TV 55K71 (Sliver) (2021 Model)| With Voice Control,"₹36,990", ,https://m.media-amazon.com/images/I/71CR8r2rrWL._AC_UY218_.jpg
Onida 108 cm (43 inches) Full HD Smart LED Fire TV 43FIF1 (Black) (2021 Model) | Voice Remote with Alexa,"₹27,999", ,https://m.media-amazon.com/images/I/81hQC8nkWgL._AC_UY218_.jpg
Sony Bravia 108 cm (43 inches) 4K Ultra HD Smart Android LED TV KD-43X74 (Black) (2021 Model) | with Alexa Compatibility,"₹57,990", ,https://m.media-amazon.com/images/I/81zeKI1IG9L._AC_UY218_.jpg
Dylect 80 cm (32 Inches) HD Ready LED TV 32IPS30H (Black) (2020 Model),"₹10,990",4.0 out of 5 stars,https://m.media-amazon.com/images/I/91B8Cy75z5S._AC_UY218_.jpg
Samsung 125 cm (50 inches) Crystal 4K Series Ultra HD Smart LED TV UA50AUE60AKLXL (Black) (2021 Model),"₹51,990", ,https://m.media-amazon.com/images/I/61GwJAhftvS._AC_UY218_.jpg
Skywall 107.86 cm (43 inches) Full HD LED Smart TV 43SW-VS (Black) (2021 Model) | With Voice Assistant,"₹21,499", ,https://m.media-amazon.com/images/I/91Ud9ep9FiL._AC_UY218_.jpg
Kodak 139 cm (55 Inches) 4K Ultra HD Certified Android LED TV 55UHDX7XPRO (Black) (2020 Model),"₹34,999", ,https://m.media-amazon.com/images/I/81bek-kCqvL._AC_UY218_.jpg
Samsung 138 cm (55 inches) Crystal 4K Series Ultra HD Smart LED TV UA55AUE60AKLXL (Black) (2021 Model),"₹55,990", ,https://m.media-amazon.com/images/I/61GwJAhftvS._AC_UY218_.jpg
Samsung 138 cm (55 inches) Crystal 4K Series Ultra HD Smart LED TV UA55AUE60AKLXL (Black) (2021 Model),"₹55,990", ,https://m.media-amazon.com/images/I/61GwJAhftvS._AC_UY218_.jpg
Dyanora DY-LD40H3S 100 cm (40 Inches) HD Ready Smart LED TV (2021 Model),"₹18,999", ,https://m.media-amazon.com/images/I/61yKjqzqo0L._AC_UY218_.jpg
OnePlus 138.7 cm (55 inches) U Series 4K LED Smart Android TV 55U1S (Black) (2021 Model),"₹52,999",4.2 out of 5 stars,https://m.media-amazon.com/images/I/61eTK1VEP0S._AC_UY218_.jpg
Mi 125.7 cm (50 Inches) 4K Ultra HD Android Smart LED TV 4X|L50M5-5AIN (Black),"₹38,999", ,https://m.media-amazon.com/images/I/61V7cDH8AAS._AC_UY218_.jpg
AmazonBasics 139cm (55 inch) 4K Ultra HD Smart LED Fire TV AB55U20PS (Black),"₹44,999",4.1 out of 5 stars,https://m.media-amazon.com/images/I/71AqQyCMmeL._AC_UY218_.jpg
Sony Bravia 80 cm (32 inches) HD Ready Smart Android LED TV KD-32W830 (Black) (2021 Model) | with Alexa Compatibility,"₹32,990", ,https://m.media-amazon.com/images/I/816YgJWsveS._AC_UY218_.jpg
Redmi 139 cm (55 inches) 4K Ultra HD Android Smart LED TV X55|L55M6-RA (Black) (2021 Model),"₹45,999", ,https://m.media-amazon.com/images/I/91-PrDtO8eL._AC_UY218_.jpg
Mi 138.8 cm (55 Inches) 4K Ultra HD Android Smart LED TV 4X|L55M5-5XIN (Black),"₹44,999", ,https://m.media-amazon.com/images/I/61V7cDH8AAS._AC_UY218_.jpg
Kevin 80 cm (32 Inches) HD Ready LED TV K56U912 (Black) (2021 Model),"₹12,399",4.2 out of 5 stars,https://m.media-amazon.com/images/I/813rALWIV1L._AC_UY218_.jpg
TCL 139 cm (55 inches) AI 4K Ultra HD Certified Android Smart LED TV 55P715 (Silver) (2020 Model) | With Remote Less Voice Control,"₹41,999", ,https://m.media-amazon.com/images/I/81JMkz+KNoL._AC_UY218_.jpg
Redmi 126 cm (50 inches) 4K Ultra HD Android Smart LED TV X50|L50M6-RA (Black) (2021 Model),"₹38,999", ,https://m.media-amazon.com/images/I/81sscKjSPiL._AC_UY218_.jpg
AKAI 80 cm (32 inches) HD Ready Smart LED TV AKLT32S-D329W (Black) (2021 Model),"₹15,990", ,https://m.media-amazon.com/images/I/713K6AdnpZL._AC_UY218_.jpg
Samsung 138 cm (55 inches) Crystal 4K Pro Series Ultra HD Smart LED TV UA55AUE70AKLXL (Black) (2021 Model),"₹57,990", ,https://m.media-amazon.com/images/I/61GwJAhftvS._AC_UY218_.jpg
ADSUN 80 cm (32 Inches) HD Ready Smart LED TV 32AESL1 (Black) (2019 Model),"₹11,799",3.8 out of 5 stars,https://m.media-amazon.com/images/I/61BPfPHWclS._AC_UY218_.jpg
Sanyo 108 cm (43 inches) Kaizen Series Full HD Certified Android LED TV XT-43FHD4S (Black) (2020 Model),"₹26,999", ,https://m.media-amazon.com/images/I/81CU76hBEyL._AC_UY218_.jpg
Vu 139 cm (55 inches) 4K Ultra HD Smart Android LED TV 55UT (Black) (2020 Model) | With 5-Hotkeys,"₹43,999", ,https://m.media-amazon.com/images/I/611376x4eIL._AC_UY218_.jpg
Sony Bravia 138.8 cm (55 inches) 4K Ultra HD Certified Android LED TV 55X7500H (Black) (2020 Model),"₹70,990", ,https://m.media-amazon.com/images/I/91QD0vRZdVL._AC_UY218_.jpg
Toshiba 108 cm (43 inches) Vidaa OS Series 4K Ultra HD Smart LED TV 43U5050 (Black) (2020 Model) | With Dolby Vision and ATMOS,"₹28,990",4.2 out of 5 stars,https://m.media-amazon.com/images/I/51d-5pT0YsS._AC_UY218_.jpg
TCL 108 cm (43 inches) 4K Ultra HD Certified Android Smart LED TV 43P615 (Black) (2020 Model) | With Dolby Audio,"₹29,990", ,https://m.media-amazon.com/images/I/71nsCYdploL._AC_UY218_.jpg
TCL 126 cm (50 inches) 4K Ultra HD Certified Android Smart LED TV 50P615 (Black) (2020 Model) | With Dolby Audio,"₹33,990", ,https://m.media-amazon.com/images/I/71nsCYdploL._AC_UY218_.jpg
Redmi 126 cm (50 inches) 4K Ultra HD Android Smart LED TV X50|L50M6-RA (Black) (2021 Model),"₹38,999", ,https://m.media-amazon.com/images/I/81sscKjSPiL._AC_UY218_.jpg
Kevin 80 cm (32 Inches) HD Ready LED Smart TV K32CV338H (Black) (2021 Model),"₹13,499",4.2 out of 5 stars,https://m.media-amazon.com/images/I/71X5tA21CRL._AC_UY218_.jpg
Onida 80 cm (32 inches) HD Ready Smart LED Fire TV 32HIF1 (Black) (2021 Model) | Voice Remote with Alexa,"₹18,999", ,https://m.media-amazon.com/images/I/81eo9NYVifL._AC_UY218_.jpg
Mi 138.8 cm (55 Inches) 4K Ultra HD Android Smart LED TV 4X|L55M5-5XIN (Black),"₹44,999", ,https://m.media-amazon.com/images/I/61V7cDH8AAS._AC_UY218_.jpg
Foxsky 108 cm (43 inches) Full HD Smart LED TV 43FS-VS (Black) (2021 Model) | With Voice Assistant,"₹21,999", ,https://m.media-amazon.com/images/I/81oWdGaehFL._AC_UY218_.jpg
Kodak 108 cm (43 Inches) 4K Ultra HD Certified Android LED TV 43UHDX7XPRO (Black) (2020 Model),"₹26,999", ,https://m.media-amazon.com/images/I/81bek-kCqvL._AC_UY218_.jpg
Sony Bravia 164 cm (65 inches) 4K Ultra HD Smart LED Google TV KD-65X80AJ (Black) (2021 Model) | with Alexa Compatibility,"₹1,19,990", ,https://m.media-amazon.com/images/I/81rFvuvqaNL._AC_UY218_.jpg
OnePlus 125.7 cm (50 inches) U Series 4K LED Smart Android TV 50U1S (Black) (2021 Model),"₹46,999",4.2 out of 5 stars,https://m.media-amazon.com/images/I/71Sdj04A8dS._AC_UY218_.jpg
TCL 164 cm (65 inches) 4K Ultra HD Certified Android Smart LED TV 65P615 (Black) (2020 Model),"₹58,900", ,https://m.media-amazon.com/images/I/71nsCYdploL._AC_UY218_.jpg
AmazonBasics 108cm (43 inch) Full HD Smart LED Fire TV AB43E10DS (Black),"₹27,999",4.1 out of 5 stars,https://m.media-amazon.com/images/I/71m0Nn4vqOL._AC_UY218_.jpg
Redmi 164 cm (65 inches) 4K Ultra HD Android Smart LED TV X65|L65M6-RA (Black) (2021 Model),"₹62,999", ,https://m.media-amazon.com/images/I/81+olvrT65L._AC_UY218_.jpg
LG 109.2 cm (43 inches) 4K Ultra HD Smart LED TV 43UP7720PTY (Light Black) (2021 Model),"₹43,999",4.2 out of 5 stars,https://m.media-amazon.com/images/I/81PkjEEviVL._AC_UY218_.jpg
Hisense 108 cm (43 inches) 4K Ultra HD Smart Certified Android LED TV 43A6GE (Black) (2021 Model) | With Dolby Vision and Atmos,"₹31,990", ,https://m.media-amazon.com/images/I/71ao31dcPoL._AC_UY218_.jpg
AmazonBasics 139cm (55 inch) 4K Ultra HD Smart LED Fire TV AB55U20PS (Black),"₹44,999",4.1 out of 5 stars,https://m.media-amazon.com/images/I/71AqQyCMmeL._AC_UY218_.jpg
Skywall 60.96 cm (24 inches) HD Ready LED TV 24SWN (Black) (2021 Model),"₹8,399", ,https://m.media-amazon.com/images/I/81su1-wZQYL._AC_UY218_.jpg
Mi 125.7 cm (50 Inches) 4K Ultra HD Android Smart LED TV 4X|L50M5-5AIN (Black),"₹38,999", ,https://m.media-amazon.com/images/I/61V7cDH8AAS._AC_UY218_.jpg
Skywall 60.96 cm (24 inches) HD Ready LED TV 24SWN (Black) (2021 Model),"₹8,399", ,https://m.media-amazon.com/images/I/81su1-wZQYL._AC_UY218_.jpg
Dyanora DY-LD24H0S 60 cm (24 Inches) HD Ready Smart LED TV (2021 Model),"₹9,699", ,https://m.media-amazon.com/images/I/61OUTrozM4L._AC_UY218_.jpg
iFFALCON 108 cm (43 inches) 4K Ultra HD Smart Certified Android LED TV 43K71 (Silver) (2021 Model)| With Voice Control,"₹28,999", ,https://m.media-amazon.com/images/I/71CR8r2rrWL._AC_UY218_.jpg
LG 139.7 cm (55 inches) 4K Ultra HD Smart NanoCell TV 55NANO73TPZ (Ashed Blue) (2021 Model),"₹82,990", ,https://m.media-amazon.com/images/I/71w4Asb1N0S._AC_UY218_.jpg
Panasonic 100 cm (40 inches) Full HD Android Smart LED TV TH-40HS450DX (Black) (2020 Model),"₹32,239", ,https://m.media-amazon.com/images/I/91auveGcURL._AC_UY218_.jpg
Toshiba 126 cm (50 inches) Vidaa OS Series 4K Ultra HD Smart LED TV 50U5050 (Black) (2020 Model) | With Dolby Vision and ATMOS,"₹34,990",4.2 out of 5 stars,https://m.media-amazon.com/images/I/51d-5pT0YsS._AC_UY218_.jpg
Samsung 163 cm (65 inches) Crystal 4K Pro Series Ultra HD Smart LED TV UA65AUE70AKLXL (Black) (2021 Model),"₹91,990", ,https://m.media-amazon.com/images/I/61GwJAhftvS._AC_UY218_.jpg
Adsun 60 cm (24 inches) HD Ready IPS LED TV A - 2400N (Black) (2019 Model),"₹7,999",3.8 out of 5 stars,https://m.media-amazon.com/images/I/5173WlOkTeS._AC_UY218_.jpg
Samsung 80 cm (32 Inches) HD Ready LED TV 32T4050 (Black) (2020 Model),"₹17,290",4.0 out of 5 stars,https://m.media-amazon.com/images/I/81GmWPpl-vL._AC_UY218_.jpg
Sony Bravia 139 cm (55 inches) 4K Ultra HD Smart LED Google TV KD-55X80AJ (Black) (2021 Model) | with Alexa Compatibility,"₹83,990", ,https://m.media-amazon.com/images/I/81t9bFDmxBS._AC_UY218_.jpg
Kodak 126 cm (50 Inches) 4K Ultra HD Certified Android LED TV 50UHDX7XPRO (Black) (2020 Model),"₹32,999", ,https://m.media-amazon.com/images/I/81QF9JK5qWL._AC_UY218_.jpg
Sony Bravia 80 cm (32 inches) HD Ready Smart Android LED TV KD-32W820 (Black) (2021 Model) | with Alexa Compatibility,"₹31,900", ,https://m.media-amazon.com/images/I/81IYJG9LSgS._AC_UY218_.jpg
Philips 108 cm (43 Inches) Full HD LED Smart TV 43PFT6815/94 (Black) (2021 Model) | With Pixel Precise HD,"₹28,999",3.9 out of 5 stars,https://m.media-amazon.com/images/I/81sZG5zuWGL._AC_UY218_.jpg
Shinco 109 cm (43 Inches) Full HD Smart LED TV SO43AS (Black) (2021 Model) | with Alexa Built-in,"₹21,990",4.2 out of 5 stars,https://m.media-amazon.com/images/I/7183sd3WVJL._AC_UY218_.jpg
ADSUN 80 cm (32 Inches) HD Ready Smart LED TV 32AESL1 (Black) (2019 Model),"₹11,799",3.8 out of 5 stars,https://m.media-amazon.com/images/I/61BPfPHWclS._AC_UY218_.jpg
Sony Bravia 80 cm (32 inches) HD Ready Smart LED TV 32W6100 (Black) (2020 Model),"₹27,097", ,https://m.media-amazon.com/images/I/81lK-w3btdL._AC_UY218_.jpg
AKAI 98 cm (40 inches) Full HD Smart LED TV AKLT40S-D409W (Black) (2021 Model),"₹22,500", ,https://m.media-amazon.com/images/I/71FcGnVkB3L._AC_UY218_.jpg
Redmi 164 cm (65 inches) 4K Ultra HD Android Smart LED TV X65|L65M6-RA (Black) (2021 Model),"₹62,999", ,https://m.media-amazon.com/images/I/81+olvrT65L._AC_UY218_.jpg
Samsung 163 cm (65 inches) Crystal 4K Series Ultra HD Smart LED TV UA65AUE60AKLXL (Black) (2021 Model),"₹87,990", ,https://m.media-amazon.com/images/I/61GwJAhftvS._AC_UY218_.jpg
ADSUN 127 cm (50 Inches) 4K Ultra HD Smart LED TV 50AESL1 (Black) (2019 Model),"₹28,999",3.8 out of 5 stars,https://m.media-amazon.com/images/I/61E3g-5iC8L._AC_UY218_.jpg
Foxsky 101.6 cm (40 inches) Full HD Smart LED TV 40FS (Black) (2021 Model) | With Voice Assistant,"₹18,699", ,https://m.media-amazon.com/images/I/81amo2VpH7L._AC_UY218_.jpg
LG 109.2 cm (43 inches) 4K Ultra HD Smart LED TV 43UP7720PTY (Light Black) (2021 Model),"₹43,999",4.2 out of 5 stars,https://m.media-amazon.com/images/I/81PkjEEviVL._AC_UY218_.jpg
VU 126 cm (50 inches) 4K Ultra HD Cinema Android Smart LED TV 50CA (Black) | With 40W Front Soundbar,"₹40,999",4.2 out of 5 stars,https://m.media-amazon.com/images/I/61e-K-IQ6XL._AC_UY218_.jpg
AKAI 108 cm (43 inches) Full HD Smart LED Fire TV AKLT43S-DFS6T (Black) (2020 Model) | Voice Remote with Alexa,"₹29,999", ,https://m.media-amazon.com/images/I/71gzXaNgH1S._AC_UY218_.jpg
Foxsky 80 cm (32 inches) Full HD Smart LED TV 32FS-VS (Black) (2021 Model) | With Voice Assistant,"₹14,649", ,https://m.media-amazon.com/images/I/91fjS7u7OeL._AC_UY218_.jpg
Toshiba 139 cm (55 inches) Vidaa OS Series 4K Ultra HD Smart LED TV 55U5050 (Black) (2020 Model) | With Dolby Vision and ATMOS,"₹39,990",4.2 out of 5 stars,https://m.media-amazon.com/images/I/51d-5pT0YsS._AC_UY218_.jpg
TCL 139 cm (55 inches) 4K Ultra HD Certified Android Smart LED TV 55P615 (Black) (2020 Model) | With Dolby Audio,"₹40,999", ,https://m.media-amazon.com/images/I/71nsCYdploL._AC_UY218_.jpg
Hisense 146 cm (58 inches) 4K Ultra HD Smart Certified Android LED TV 58A71F (Black) (2020 Model) | With Dolby Vision and ATMOS,"₹43,990",4.2 out of 5 stars,https://m.media-amazon.com/images/I/61fgCxYSR0S._AC_UY218_.jpg
Redmi 139 cm (55 inches) 4K Ultra HD Android Smart LED TV X55|L55M6-RA (Black) (2021 Model),"₹45,999", ,https://m.media-amazon.com/images/I/91-PrDtO8eL._AC_UY218_.jpg
AKAI 108 cm (43 inches) Full HD Smart LED Fire TV AKLT43S-DFS6T (Black) (2020 Model) | Voice Remote with Alexa,"₹29,999", ,https://m.media-amazon.com/images/I/71gzXaNgH1S._AC_UY218_.jpg
TCL 108 cm (43 inches) Full HD Certified Android Smart LED TV 43S6500FS (Black) (2020 Model),"₹27,499",4.2 out of 5 stars,https://m.media-amazon.com/images/I/71PysjPDxbS._AC_UY218_.jpg
LG 80 cms (32 Inches) HD Ready LED Smart TV 32LM560BPTC with IPS Display & WebOS (2019 Model),"₹19,419", ,https://m.media-amazon.com/images/I/81Yy5UF05tL._AC_UY218_.jpg
Samsung 138 cm (55 inches) The Frame Series 4K Ultra HD Smart QLED TV QA55LS03AAKLXL (Black) (2021 Model),"₹93,990", ,https://m.media-amazon.com/images/I/71YDVrHosvS._AC_UY218_.jpg
TCL 138.7 cm (55 inches) 4K Ultra HD Certified Android Smart QLED TV 55C715 (Metallic Black) (2020 Model) | With Remote Less Voice Control,"₹52,999", ,https://m.media-amazon.com/images/I/71lB4sbXs7L._AC_UY218_.jpg
Kodak 108 cm (43 Inches) Full HD Certified Android LED TV 43FHDX7XPROBL (Black) (2021 Model),"₹25,999", ,https://m.media-amazon.com/images/I/81McLtxdH+L._AC_UY218_.jpg
LumX 60 cm (24 Inches) HD Ready LED TV 24ZA452 (Black) (2021 Model),"₹8,399",4.0 out of 5 stars,https://m.media-amazon.com/images/I/71H8oHmD1wL._AC_UY218_.jpg
Philips 126 cm (50 inches) 4K Ultra HD LED Android Smart TV 50PUT8215/94 (Black) (2021 Model) | With Voice Assistant,"₹46,999", ,https://m.media-amazon.com/images/I/71jj8z2WkxS._AC_UY218_.jpg
Samsung 163 cm (65 inches) The Frame Series 4K Ultra HD Smart QLED TV QA65LS03AAKLXL (Black) (2021 Model),"₹1,29,990", ,https://m.media-amazon.com/images/I/71YDVrHosvS._AC_UY218_.jpg
AmazonBasics 80cm (32 inch) HD Ready Smart LED Fire TV AB32E10SS (Black) (2020 Model),"₹16,999",4.1 out of 5 stars,https://m.media-amazon.com/images/I/71m0Nn4vqOL._AC_UY218_.jpg
Onida 138 cm (55 inches) 4K Ultra HD Smart IPS LED Fire TV 55UIF (Black) (2021 Model) | Voice Remote with Alexa,"₹48,999", ,https://m.media-amazon.com/images/I/81GgBrWCf3L._AC_UY218_.jpg
"Haier 109 cm (43 Inches) 4K Bezel Less Google Android TV - Smart AI Plus (LE43K6600UGA,Black 2020 Model)","₹35,999", ,https://m.media-amazon.com/images/I/31NeTTAibML._AC_UY218_.jpg
Samsung 138 cm (55 inches) 4K Ultra HD Smart LED TV UA55TU8200KXXL (Black) (2020 Model),"₹58,950", ,https://m.media-amazon.com/images/I/91rCLxSe+DL._AC_UY218_.jpg
Kodak 108 cm (43 Inches) Full HD Certified Android LED TV 43FHDX7XPROBL (Black) (2021 Model),"₹25,999", ,https://m.media-amazon.com/images/I/81McLtxdH+L._AC_UY218_.jpg
LumX 60 cm (24 Inches) HD Ready LED TV 24ZA452 (Black) (2021 Model),"₹8,399",4.0 out of 5 stars,https://m.media-amazon.com/images/I/71H8oHmD1wL._AC_UY218_.jpg
Samsung 163 cm (65 inches) The Frame Series 4K Ultra HD Smart QLED TV QA65LS03AAKLXL (Black) (2021 Model),"₹1,29,990", ,https://m.media-amazon.com/images/I/71YDVrHosvS._AC_UY218_.jpg
Sony Bravia 108 cm (43 inches) 4K Ultra HD Smart LED Google TV KD-43X80J (Black) (2021 Model) | with Alexa Compatibility,"₹69,338", ,https://m.media-amazon.com/images/I/81FLRLCg+4S._AC_UY218_.jpg
Foxsky 101.6 cm (40 inches) Full HD Smart LED TV 40FSFHS (Black) (2021 Model),"₹17,099", ,https://m.media-amazon.com/images/I/81nn4EeRVaL._AC_UY218_.jpg
LG 164 cm (65 inches) 4K Ultra HD Smart IPS LED TV 65UM7290PTD (Ceramic Black) (2020 Model),"₹79,990", ,https://m.media-amazon.com/images/I/81bI+7BWWeL._AC_UY218_.jpg
Kodak 108 cm (43 inches) 4K Ultra HD Smart LED TV 43CA2022 (Black) (2021 Model) | With Dolby Digital Plus & DTS Tru Surround,"₹28,999", ,https://m.media-amazon.com/images/I/81sFZTH5lcL._AC_UY218_.jpg
Adsun 60 cm (24 inches) HD Ready IPS LED TV A - 2400N (Black) (2019 Model),"₹7,999",3.8 out of 5 stars,https://m.media-amazon.com/images/I/5173WlOkTeS._AC_UY218_.jpg
Candes 108 cm (43 Inches) Full HD Smart Android LED TV CTPL43EF1S (Black) (2021 Model),"₹22,499", ,https://m.media-amazon.com/images/I/81xAyezGmCL._AC_UY218_.jpg
Philips 126 cm (50 inches) 4K Ultra HD LED Android Smart TV 50PUT8215/94 (Black) (2021 Model) | With Voice Assistant,"₹46,999", ,https://m.media-amazon.com/images/I/71jj8z2WkxS._AC_UY218_.jpg
Micromax 81 cm (32 inch) HD Ready Certified Android Smart LED TV 32TA6445HD (Black) (2019 Model),"₹17,999",4.1 out of 5 stars,https://m.media-amazon.com/images/I/81C3Qe4eigL._AC_UY218_.jpg
LG 165.1 cm (65 inches) 4K Ultra HD Smart LED TV 65UP7720PTY (Light Black) (2021 Model),"₹89,999",4.2 out of 5 stars,https://m.media-amazon.com/images/I/812tbUxSA2L._AC_UY218_.jpg
TCL 125.7 cm (50 inches) 4K Ultra HD Certified Android Smart QLED TV 50C715 (Metallic Black) (2020 Model) | With Remote Less Voice Control,"₹46,915",4.2 out of 5 stars,https://m.media-amazon.com/images/I/71lB4sbXs7L._AC_UY218_.jpg
Sony Bravia 108 cm (43 inches) 4K Ultra HD Smart Android LED TV KD-43X75 (Black) (2021 Model) | with Alexa Compatibility,"₹61,740", ,https://m.media-amazon.com/images/I/91d84JjR1aS._AC_UY218_.jpg
Philips 139 cm (55 inches) 4K UHD LED Android Smart TV 55PUT8215/94 (Black) (2021 Model) | With Voice Assistant,"₹52,990",4.2 out of 5 stars,https://m.media-amazon.com/images/I/81v5x50PVTL._AC_UY218_.jpg
TCL 164 cm (65 inches) AI 4K Ultra HD Certified Android Smart LED TV 65P715 (Silver) (2020 Model),"₹63,999", ,https://m.media-amazon.com/images/I/81JMkz+KNoL._AC_UY218_.jpg
iFFALCON 139 cm (55 inches) 4K Ultra HD Certified Android Smart QLED TV 55H71 (Metallic Black) (2021 Model) | Dolby Vision & Atmos,"₹47,999", ,https://m.media-amazon.com/images/I/714McYLj69L._AC_UY218_.jpg
Hisense 126 cm (50 inches) 4K Ultra HD Smart Certified Android LED TV 50A73F (Metal Gray) (2021 Model) | With 102W JBL Speakers,"₹44,999", ,https://m.media-amazon.com/images/I/61ndoSUeRKL._AC_UY218_.jpg
Dylect 80 cm (32 Inches) HD Ready Smart LED TV 32IPS20S (Black) (2020 Model),"₹14,599",4.2 out of 5 stars,https://m.media-amazon.com/images/I/71bLye3ffSS._AC_UY218_.jpg
Kodak 139 cm (55 inches) 4K Ultra HD Smart LED TV 55CA0909 (Black) (2021 Model) | With Dolby Digital Plus & DTS Tru Surround,"₹37,999", ,https://m.media-amazon.com/images/I/81sFZTH5lcL._AC_UY218_.jpg
eAirtec 109 cms (43 inches) Full HD Smart LED TV 43ATDJ (Black) (2020 Model)…,"₹19,500",3.9 out of 5 stars,https://m.media-amazon.com/images/I/61gfU-jC9dS._AC_UY218_.jpg
Philips 80 cm (32 inches) 4200 Series HD Ready LED TV 32PHT4233S/94 (Black),"₹18,490",4.1 out of 5 stars,https://m.media-amazon.com/images/I/81h8M3HwWuL._AC_UY218_.jpg
Samsung 163 cm (65 inches) Crystal 4K Pro Series Ultra HD Smart LED TV UA65AUE70AKLXL (Black) (2021 Model),"₹91,990", ,https://m.media-amazon.com/images/I/61GwJAhftvS._AC_UY218_.jpg
AQUA 81 cm (32 Inches) HD Ready Smart LED TV 32 SM VC (Black) (2021 Model),"₹11,999", ,https://m.media-amazon.com/images/I/61IX2ADBRwL._AC_UY218_.jpg
Shinco 126 cm (50 inches) 4K Ultra HD Smart LED TV SO50FLQ (Black) (2021 Model),"₹30,499",4.0 out of 5 stars,https://m.media-amazon.com/images/I/71uTO4+M26L._AC_UY218_.jpg
Skywall 81.28 cm (32 inches) Full HD Smart LED TV 32SW-VS (Black) (2021 Model) | With Voice Assistant,"₹13,999", ,https://m.media-amazon.com/images/I/91BR-Sk0uyL._AC_UY218_.jpg
Foxsky 60.96 cm (24 inches) HD Ready LED TV 24FSN (Black) (2021 Model),"₹8,799",3.9 out of 5 stars,https://m.media-amazon.com/images/I/81+WVciW+aL._AC_UY218_.jpg
Kodak 126 cm (50 inches) 4K Ultra HD Smart LED TV 50CA7077 (Black) (2021 Model) | With Dolby Digital Plus & DTS Tru Surround,"₹34,999", ,https://m.media-amazon.com/images/I/81sFZTH5lcL._AC_UY218_.jpg
Samsung 80 cm (32 inches) HD Ready Smart LED TV UA32T4350AKXXL (Glossy Black) (2020 Model),"₹20,790",4.1 out of 5 stars,https://m.media-amazon.com/images/I/81b3zUT5SXL._AC_UY218_.jpg
TCL 138.7 cm (55 inches) 4K Ultra HD Certified Android Smart QLED TV 55C725 (Black) (2021 Model) | With Video Call Camera,"₹72,990",4.0 out of 5 stars,https://m.media-amazon.com/images/I/71Pub3l59SL._AC_UY218_.jpg
Sony Bravia 189 cm (75 inches) 4K Ultra HD Smart LED Google TV KD-75X80J (Black) (2021 Model) | with Alexa Compatibility,"₹2,08,989", ,https://m.media-amazon.com/images/I/81P7iSxFzzS._AC_UY218_.jpg
Hisense 126 cm (50 inches) 4K Ultra HD Smart Certified Android LED TV 50A73F (Metal Gray) (2021 Model) | With 102W JBL Speakers,"₹44,999", ,https://m.media-amazon.com/images/I/61ndoSUeRKL._AC_UY218_.jpg
Kevin 109 cm (43 inches) Full HD Smart LED TV KN43ALEXA (Black) (2021 Model) | With Alexa Built-in,"₹22,499",4.1 out of 5 stars,https://m.media-amazon.com/images/I/7129zCxnHuL._AC_UY218_.jpg
LG 109.2 cm (43 inches) 4K Ultra HD Smart NanoCell TV 43NANO73TPZ (Ashed Blue) (2021 Model),"₹52,990", ,https://m.media-amazon.com/images/I/71MHePL2iHS._AC_UY218_.jpg
Hisense 126 cm (50 inches) 4K Ultra HD Smart Certified Android LED TV 50A73F (Metal Gray) (2021 Model) | With 102W JBL Speakers,"₹44,999", ,https://m.media-amazon.com/images/I/61ndoSUeRKL._AC_UY218_.jpg
Hisense 139 cm (55 inches) 4K Ultra HD Smart Certified Android LED TV 55A71F (Black) (2020 Model) | With Dolby Vision and ATMOS,"₹39,999",4.2 out of 5 stars,https://m.media-amazon.com/images/I/61fgCxYSR0S._AC_UY218_.jpg
Dyanora 60 cm (24 Inches) HD Ready LED TV DY-LD24H0N (Black) (2021 Model),"₹8,699", ,https://m.media-amazon.com/images/I/71d0JjeTshL._AC_UY218_.jpg
Samsung 108 cm (43 inches) The Frame Series 4K Ultra HD Smart QLED TV QA43LS03AAKLXL (Black) (2021 Model),"₹61,990", ,https://m.media-amazon.com/images/I/71YDVrHosvS._AC_UY218_.jpg
Sony Bravia 164 cm (65 inches) 4K Ultra HD Smart LED Google TV KD-65X80J (Black) (2021 Model) | with Alexa Compatibility,"₹1,28,239", ,https://m.media-amazon.com/images/I/81P7iSxFzzS._AC_UY218_.jpg
Samsung 125 cm (50 inches) The Frame Series 4K Ultra HD Smart QLED TV QA50LS03AAKLXL (Black) (2021 Model),"₹77,990", ,https://m.media-amazon.com/images/I/71YDVrHosvS._AC_UY218_.jpg
Samsung 138 cm (55 Inches) Wondertainment Series Ultra HD LED Smart TV UA55TUE60AKXXL (Titan Gray) (2020 model),"₹51,999", ,https://m.media-amazon.com/images/I/71Gp8RVxmhL._AC_UY218_.jpg
Shinco 109 cm (43 inches) 4K Ultra HD Smart LED TV S43UQLS (Black) (2021 Model),"₹24,999",4.2 out of 5 stars,https://m.media-amazon.com/images/I/71jwcLroWCL._AC_UY218_.jpg
Sony Bravia 139 cm (55 inches) 4K Ultra HD Smart LED Google TV KD-55X80J (Black) (2021 Model) | with Alexa Compatibility,"₹90,240", ,https://m.media-amazon.com/images/I/81P7iSxFzzS._AC_UY218_.jpg
Panasonic 147 cm (58 inches) 4K Ultra HD Certified Android Smart LED TV TH-58HX450DX (Black) (2020 Model),"₹54,990", ,https://m.media-amazon.com/images/I/91LzCxOO3fL._AC_UY218_.jpg
TCL 125.7 cm (50 inches) 4K Ultra HD Certified Android Smart QLED TV 50C725 (Black) (2021 Model) | With Video Call Camera,"₹63,999",4.0 out of 5 stars,https://m.media-amazon.com/images/I/71Pub3l59SL._AC_UY218_.jpg
Lloyd 80cm (32 Inches) HD Smart LED TV (32HS451C),"₹20,911", ,https://m.media-amazon.com/images/I/51aG210zpLL._AC_UY218_.jpg
Sony Bravia 126 cm (50 inches) 4K Ultra HD Smart Android LED TV KD-50X75 (Black) (2021 Model) | with Alexa Compatibility,"₹75,989", ,https://m.media-amazon.com/images/I/91d84JjR1aS._AC_UY218_.jpg
LG 80 cms (32 inches) HD Ready Smart LED TV 32LM636BPTB (Dark Iron Gray) (2019 Model),"₹23,620", ,https://m.media-amazon.com/images/I/91zs--uVuzL._AC_UY218_.jpg
Hisense 164 cm (65 inches) 4K Ultra HD Smart Certified Android LED TV 65A73F (Black) (2021 Model) | With JBL 6 Speaker System,"₹72,990", ,https://m.media-amazon.com/images/I/61PjcI+TxTS._AC_UY218_.jpg
Lloyd 80cm (32 Inches) HD Smart LED TV (32HS451C),"₹20,911", ,https://m.media-amazon.com/images/I/51aG210zpLL._AC_UY218_.jpg
Candes 108 cm (43 Inches) Full HD Smart Android LED TV CTPL43EF1S (Black) (2021 Model),"₹22,499", ,https://m.media-amazon.com/images/I/81xAyezGmCL._AC_UY218_.jpg
LG 165.1 cm (65 inches) 4K Ultra HD Smart NanoCell TV 65NANO73TPZ (Ashed Blue) (2021 Model),"₹1,19,061", ,https://m.media-amazon.com/images/I/71aIIcuPKNS._AC_UY218_.jpg
Sony Bravia 126 cm (50 inches) 4K Ultra HD Smart Android LED TV KD-50X75 (Black) (2021 Model) | with Alexa Compatibility,"₹75,989", ,https://m.media-amazon.com/images/I/91d84JjR1aS._AC_UY218_.jpg
Samsung 108 cm (43 inches) Full HD LED Smart TV UA43T5350AKXXL (Glossy Black) (2020 Model),"₹38,890",4.0 out of 5 stars,https://m.media-amazon.com/images/I/81KmQgqAcfL._AC_UY218_.jpg
Sony Bravia 139 cm (55 inches) 4K Ultra HD Smart LED Google TV KD-55X85J (Black) (2021 Model) | with Alexa Compatibility,"₹1,13,989", ,https://m.media-amazon.com/images/I/81aAdbBzGTS._AC_UY218_.jpg
Sony Bravia 195 cm (77 inches) XR series 4K Ultra HD Smart OLED Google TV XR-77A80J (Black) (2021 Model) | with Alexa Compatibility,"₹5,22,490",4.2 out of 5 stars,https://m.media-amazon.com/images/I/8116TOvxtsL._AC_UY218_.jpg
Onida 138 cm (55 inches) 4K Ultra HD Smart IPS LED Fire TV 55UIF (Black) (2021 Model) | Voice Remote with Alexa,"₹48,999", ,https://m.media-amazon.com/images/I/81GgBrWCf3L._AC_UY218_.jpg
Koryo 109 cm (43 Inches) Full HD LED TV KLE43FNFLF72T (Black) (2019 Model),"₹18,999",3.8 out of 5 stars,https://m.media-amazon.com/images/I/81Zt9kYNJ2L._AC_UY218_.jpg
Sony Bravia 123 cm (49 inches) 4K Ultra HD Certified Android LED TV 49X8000H (Black) (2020 Model),"₹75,090", ,https://m.media-amazon.com/images/I/91F9nw-LGYL._AC_UY218_.jpg
Sony Bravia 139 cm (55 inches) XR series 4K Ultra HD Smart Full Array LED Google TV XR-55X90J (Black) (2021 Model) | with Alexa Compatibility,"₹1,42,489", ,https://m.media-amazon.com/images/I/81Lh2jUJlfS._AC_UY218_.jpg
LG 164 cm (65 inches) 4K Ultra HD Smart OLED TV 65BXPTA (Dark Steel Silver) (2020 Model),"₹2,13,120", ,https://m.media-amazon.com/images/I/71KVQa4N4zL._AC_UY218_.jpg
Dyanora DY-LD40H3S 100 cm (40 Inches) HD Ready Smart LED TV (2021 Model),"₹18,999", ,https://m.media-amazon.com/images/I/61yKjqzqo0L._AC_UY218_.jpg
Boosh 32 inches Smart Full hd framless led tv,"₹15,999", ,https://m.media-amazon.com/images/I/21Bcqt0r--L._AC_UY218_.jpg
Panasonic 80 cm (32 Inches) HD Ready Smart Android LED TV TH-32JS650 (Black) (2021 Model),"₹21,500", ,https://m.media-amazon.com/images/I/41ur6aWlA3L._AC_UY218_.jpg
Hisense 139 cm (55 inches) 4K Ultra HD Smart Certified Android LED TV 55A71F (Black) (2020 Model) | With Dolby Vision and ATMOS,"₹39,999",4.2 out of 5 stars,https://m.media-amazon.com/images/I/61fgCxYSR0S._AC_UY218_.jpg
Candes 60 cm (24 Inches) HD Ready Smart Android LED TV CTPL24EF512S (Black) (2021 Model),"₹10,999", ,https://m.media-amazon.com/images/I/81fMXYfeqJL._AC_UY218_.jpg
Vu 215cm (85 inches) The Masterpiece 4K Ultra HD Android QLED TV 85QPX (Armani Gold) (2020 Model),"₹2,79,990", ,https://m.media-amazon.com/images/I/614rtkyy7tL._AC_UY218_.jpg
Shinco 80 cm (32 Inches) HD Ready Smart LED TV SO328AS (Black) (2020 Model) | With Uniwall,"₹13,999",4.2 out of 5 stars,https://m.media-amazon.com/images/I/71o+yjf71WL._AC_UY218_.jpg
Sony Bravia 125.7 cm (50 inches) Full HD LED Smart TV KLV-50W672G (Black) (2019 Model),"₹62,300", ,https://m.media-amazon.com/images/I/81y7qQG1GvL._AC_UY218_.jpg
Hisense 80 cm (32 inches) HD Ready Smart Certified Android LED TV 32A56E (Black) (2020 Model),"₹16,999",3.9 out of 5 stars,https://m.media-amazon.com/images/I/61KQ2UKNMFS._AC_UY218_.jpg
Dyanora DY-LD32H2S 80 cm (32 Inches) HD Ready Smart LED TV (2021 Model),"₹13,999", ,https://m.media-amazon.com/images/I/61Q2sbXJtDL._AC_UY218_.jpg
Lloyd 80cm (32 Inches) HD Android Smart LED TV (32HS301C),"₹20,799", ,https://m.media-amazon.com/images/I/4137EyrnFCL._AC_UY218_.jpg
Shinco 109 cm (43 inches) 4K Ultra HD Smart LED TV S43UQLS (Black) (2021 Model),"₹24,999",4.2 out of 5 stars,https://m.media-amazon.com/images/I/71jwcLroWCL._AC_UY218_.jpg
Candes 101 cm (40 Inches) Full HD Smart Android LED TV CTPL40E1S (Black) (2021 Model),"₹18,499", ,https://m.media-amazon.com/images/I/81zsXG84rvL._AC_UY218_.jpg
Power Guard 80 cm (32 Inches) HD Ready Smart Android LED TV PG 32 SVC (Black) (2021 Model) | With Voice Command Remote,"₹15,649", ,https://m.media-amazon.com/images/I/61fWXbTdrlL._AC_UY218_.jpg
Samsung 80 cm (32 inches) HD Ready LED Smart TV UA32T4550AKXXL (Titan Gray) (2021 Model),"₹24,800", ,https://m.media-amazon.com/images/I/91wuAtG7o7L._AC_UY218_.jpg
Intex 98 cm (40 inches) HD Ready LED TV 4001 (Black),"₹19,890", ,https://m.media-amazon.com/images/I/71vQKWc0PUL._AC_UY218_.jpg
TCL 138.7 cm (55 inches) 4K Ultra HD Certified Android QLED TV 55C825 (Graphite Grey) (2021 Model) | With Mini LED,"₹1,07,999",4.1 out of 5 stars,https://m.media-amazon.com/images/I/71RRIUTDevL._AC_UY218_.jpg
Kevin 140 cm (55 inches) 4K Ultra HD Smart LED TV KN55UHD-PRO (Black) (2021 Model),"₹36,999",4.2 out of 5 stars,https://m.media-amazon.com/images/I/71ZJ3qXTc-L._AC_UY218_.jpg
VU 139 cm (55 Inches) 4K Ultra HD Smart Android LED TV 55PM (Black) (2020 Model),"₹43,800", ,https://m.media-amazon.com/images/I/61KhrVzqVyL._AC_UY218_.jpg
LG 165.1 cm (65 inches) 4K Ultra HD Smart LED TV 65UP7500PTZ (Rocky Black) (2021 Model),"₹84,999",4.2 out of 5 stars,https://m.media-amazon.com/images/I/81I1sw-FBgL._AC_UY218_.jpg
Shinco 126 cm (50 inches) 4K Ultra HD Smart LED TV SU50WOS1 (Black) (2021 Model),"₹36,999", ,https://m.media-amazon.com/images/I/61F874HV3pS._AC_UY218_.jpg
Sony Bravia 123 cm (49 inches) 4K Ultra HD Certified Android LED TV 49X7500H (Black) (2020 Model),"₹69,900", ,https://m.media-amazon.com/images/I/91pBoYjYgSL._AC_UY218_.jpg
LG 165.1 cm (65 Inches) 4K Ultra HD Smart OLED TV OLED65B1PTZ (Black) (2021 Model),"₹2,24,990", ,https://m.media-amazon.com/images/I/71Gu9vcwgWL._AC_UY218_.jpg
TCL 163.9 cm (65 inches) 4K Ultra HD Certified Android QLED TV 65C825 (Graphite Grey) (2021 Model) | With Mini LED,"₹1,49,990",4.1 out of 5 stars,https://m.media-amazon.com/images/I/71RRIUTDevL._AC_UY218_.jpg
"LG 4K 55NANO80TNA Ultra HD Smart Nano Cell TV (Ceramic Black, 139 cm/55 Inches, 2020 Model)","₹76,990",4.1 out of 5 stars,https://m.media-amazon.com/images/I/71fTmsO6iOL._AC_UY218_.jpg
Croma 80 cm (32 inches) Fire TV HD Ready Smart LED TV CREL7364 (Black) (2021 Model),"₹19,490", ,https://m.media-amazon.com/images/I/81qfebBSJtL._AC_UY218_.jpg
LG 139 cm (55 inches) 4K Ultra HD Smart OLED TV 55BXPTA (Dark Steel Silver) (2020 Model),"₹1,26,390", ,https://m.media-amazon.com/images/I/71KVQa4N4zL._AC_UY218_.jpg
Skywall 81.28 cm (32 inches) HD Ready LED TV 32SWN (Black) (2021 Model),"₹11,749", ,https://m.media-amazon.com/images/I/81Tx2tEdykL._AC_UY218_.jpg
Sanyo 108 cm (43 inches) Kaizen Series 4K Ultra HD Certified Android LED TV XT-43UHD4S (Black) (2020 Model),"₹32,999", ,https://m.media-amazon.com/images/I/81fh5ddKyuL._AC_UY218_.jpg
TCL 138.8 cm (55 inches) 4K Ultra HD Certified Android Smart QLED TV 55C815 (Metallic Black) (2020 model ) | With Integrated 2.1 ONKYO Soundbar,"₹66,999",4.2 out of 5 stars,https://m.media-amazon.com/images/I/71FpG+PU7iL._AC_UY218_.jpg
Sony Bravia 126 cm (50 inches) 4K Ultra HD Smart LED Google TV KD-50X80J (Black) (2021 Model) | with Alexa Compatibility,"₹83,590", ,https://m.media-amazon.com/images/I/81FLRLCg+4S._AC_UY218_.jpg
Kevin 140 cm (55 inches) 4K Ultra HD Smart LED TV KN55UHD-PRO (Black) (2021 Model),"₹36,999",4.2 out of 5 stars,https://m.media-amazon.com/images/I/71ZJ3qXTc-L._AC_UY218_.jpg
ADSUN 127 cm (50 Inches) 4K Ultra HD Smart LED TV 50AESL1 (Black) (2019 Model),"₹28,999",3.8 out of 5 stars,https://m.media-amazon.com/images/I/61E3g-5iC8L._AC_UY218_.jpg
Dyanora 80 cm (32 Inches) HD Ready LED TV DY-LD32H0N (Black) (2021 Model),"₹11,999", ,https://m.media-amazon.com/images/I/71d0JjeTshL._AC_UY218_.jpg
Sony Bravia 108 cm (43 inches) Full HD Smart LED TV 43W6600 (Black) (2020 Model),"₹49,390", ,https://m.media-amazon.com/images/I/91v4nFq0LuL._AC_UY218_.jpg
Sony Bravia 215 cm (85 Inches) 4K Ultra HD Smart LED Google TV KD-85X85J (Black) (2021 Model) | with Alexa Compatibility,"₹4,74,990", ,https://m.media-amazon.com/images/I/81mxentP+bS._AC_UY218_.jpg
Dyanora 80 cm (32 Inches) HD Ready LED TV DY-LD32H0N (Black) (2021 Model),"₹11,999", ,https://m.media-amazon.com/images/I/71d0JjeTshL._AC_UY218_.jpg
Samsung 108 cm (43 inches) 7 Series 43NU7470 4K LED Smart TV (Black),"₹43,390",4.2 out of 5 stars,https://m.media-amazon.com/images/I/81XZaifII+L._AC_UY218_.jpg
ADSUN 127 cm (50 Inches) 4K Ultra HD Smart LED TV 50AESL1 (Black) (2019 Model),"₹28,999",3.8 out of 5 stars,https://m.media-amazon.com/images/I/61E3g-5iC8L._AC_UY218_.jpg
Facebook Portal TV - Smart Video Calling on Your TV with Alexa - Black,"₹12,999", ,https://m.media-amazon.com/images/I/71snU5IwlLL._AC_UY218_.jpg
Samsung The Serif Series 138 cm (55 inches) 4K Ultra HD Smart QLED TV QA55LS01TAKXXL (Cloud White) (2020 Model),"₹90,990", ,https://m.media-amazon.com/images/I/81TykyxGSJL._AC_UY218_.jpg
LumX 80 cm (32 Inches) HD Ready LED TV 32ZA532 (Black) (2021 Model),"₹10,890", ,https://m.media-amazon.com/images/I/71H8oHmD1wL._AC_UY218_.jpg
Samsung 80 cm (32 inches) HD Ready LED Smart TV UA32T4550AKXXL (Titan Gray) (2021 Model),"₹24,800", ,https://m.media-amazon.com/images/I/91wuAtG7o7L._AC_UY218_.jpg
Candes 80 cm (32 Inches) HD Ready Smart LED TV CF32S001 (Black) (2021 Model),"₹15,600", ,https://m.media-amazon.com/images/I/81cBe19YeoL._AC_UY218_.jpg
Samsung 108 cm (43 inches) 4K Ultra HD Smart QLED TV QA43Q60TAKXXL (Black) (2020 Model),"₹69,900", ,https://m.media-amazon.com/images/I/81Qxjm42bOL._AC_UY218_.jpg
Samsung 108 cm (43 inches) 4K Ultra HD Smart LED TV UA43TU8570UXXL (Black) (2020 Model),"₹47,990", ,https://m.media-amazon.com/images/I/91wKQnyG+LL._AC_UY218_.jpg
Hisense 177 cm (70 inches) 4K Ultra HD Smart Certified Android LED TV 70A71F (Black) (2021 Model) | With Dolby Vision and ATMOS,"₹94,999",4.2 out of 5 stars,https://m.media-amazon.com/images/I/61fgCxYSR0S._AC_UY218_.jpg
NU Enterprise Glowshine Frameless Smart LED TV Full HD Television 4K (43),"₹33,550", ,https://m.media-amazon.com/images/I/71B0I-63jdL._AC_UY218_.jpg
Dyanora 106 cm (42 Inches) Full HD LED TV DY-LD42F3S (Black) (2021 Model),"₹21,999", ,https://m.media-amazon.com/images/I/71Hsz4AfLKL._AC_UY218_.jpg
NU Enterprise Glowshine Frameless Smart LED TV Full HD Television 4K (32),"₹28,550", ,https://m.media-amazon.com/images/I/71B0I-63jdL._AC_UY218_.jpg
LG 164 cm (65 inches) 4K Ultra HD Smart IPS LED TV 65UN8000PTA (Ceramic Black) (2020 Model),"₹97,789",4.2 out of 5 stars,https://m.media-amazon.com/images/I/51IaLeQbjZS._AC_UY218_.jpg
LG 108 cm (43 inches) Full HD Smart LED TV 43LM6360PTB (Dark Iron Gray) (2019 Model),"₹42,590",4.2 out of 5 stars,https://m.media-amazon.com/images/I/91QBDxfM9xL._AC_UY218_.jpg
Panasonic 109.3 cm (43 inches) Viera TH-43ES480DX Full HD LED TV,"₹34,990", ,https://m.media-amazon.com/images/I/51wE5Q+EwcL._AC_UY218_.jpg
Croma 80 cm (32 Inches) HD Ready Smart Certified Android LED TV CREL7370 (Black) (2021 Model),"₹20,990", ,https://m.media-amazon.com/images/I/61oCk-XLwLS._AC_UY218_.jpg
Candes 80 cm (32 Inches) HD Ready LED TV CTPL32EFN (Black) (2021 Model),"₹13,999", ,https://m.media-amazon.com/images/I/81a1DSQzh0L._AC_UY218_.jpg
Candes 60 cm (24 Inches) HD Ready LED TV CTPL24EFN (Black) (2021 Model),"₹9,499", ,https://m.media-amazon.com/images/I/81JZ-f2wFfL._AC_UY218_.jpg
Aiwa 80 cm (32 Inches) HD Ready Smart Android LED TV AW320S (Black) (2019 Model),"₹16,900", ,https://m.media-amazon.com/images/I/61mTjhwOYKL._AC_UY218_.jpg
Samsung 80 cm (32 Inches) HD Ready Smart LED TV UA32T4900 (Black) (2021 Model),"₹26,990", ,https://m.media-amazon.com/images/I/71eBbiHaWLL._AC_UY218_.jpg
Shinco 98 cm (39 inches) HD Ready Smart LED TV SO40AS (Black) (2021 Model) | with Alexa Built-in,"₹18,499",4.2 out of 5 stars,https://m.media-amazon.com/images/I/71ZF6JJ9eFL._AC_UY218_.jpg
Sony Bravia 164 cm (65 inches) 4K Ultra HD Certified Android LED TV 65X8000H (Black) (2020 Model),"₹1,19,900", ,https://m.media-amazon.com/images/I/91UYojFHobL._AC_UY218_.jpg
Panasonic 123.4 cm (49 Inches) Viera Full HD LED Smart TV TH-W49ES48DX (Black),"₹51,499", ,https://m.media-amazon.com/images/I/91MoxdCZ9hL._AC_UY218_.jpg
Sony Bravia 108 cm (43 inches) Full HD LED Smart TV KLV-43W672G (Black),"₹51,140", ,https://m.media-amazon.com/images/I/81y7qQG1GvL._AC_UY218_.jpg
Sony Bravia 164 cm (65 inches) XR series 4K Ultra HD Smart OLED Google TV XR-65A80J (Black) (2021 Model) | with Alexa Compatibility,"₹2,79,900",4.2 out of 5 stars,https://m.media-amazon.com/images/I/8116TOvxtsL._AC_UY218_.jpg
Sony Bravia 138.8 cm (55 inches) 4K Ultra HD Smart Certified Android LED TV 55X8000H (Black),"₹83,990", ,https://m.media-amazon.com/images/I/81qyKO1xwKL._AC_UY218_.jpg
Sony Bravia 139 cm (55 inches) 4K HDR Certified Android OLED TV 55A8H (Black) (2020 Model),"₹1,58,990", ,https://m.media-amazon.com/images/I/81CTYcbYHzL._AC_UY218_.jpg
LumX 109 cm (43 Inches) Full HD Smart Android LED TV 43XA6500 (Black) (2021 Model),"₹22,990", ,https://m.media-amazon.com/images/I/81MfCibZyxL._AC_UY218_.jpg
NU Enterprise Glowshine LED TV Full UHD Smart Television 4K Display (43),"₹33,230", ,https://m.media-amazon.com/images/I/41XoOf0Gr-L._AC_UY218_.jpg
Samsung 139.7 cm (55 inches) 4K Ultra HD Smart LED TV UA55TU8000KXXL (Black) (2020 Model),"₹64,990",4.2 out of 5 stars,https://m.media-amazon.com/images/I/917QAUQorDL._AC_UY218_.jpg
iMee 60 cm (24 Inches) HD Ready Smart LED TV MEE-24S (2021),"₹13,500", ,https://m.media-amazon.com/images/I/61ejKB+--ML._AC_UY218_.jpg
Onida 138 cm (55 Inches) 4K UHD LED Smart TV 55UIB (Black),"₹44,999", ,https://m.media-amazon.com/images/I/71aJJNDQmhL._AC_UY218_.jpg
ADSUN 140 cm (55 Inches) 4K Ultra HD Smart LED TV 55AESL1 (Black) (2019 Model),"₹32,499",3.8 out of 5 stars,https://m.media-amazon.com/images/I/61E3g-5iC8L._AC_UY218_.jpg
Panasonic 139 cm (55 Inches) 4K Ultra HD Smart Android LED TV TH-55HX635DX (Black) (2020 Model),"₹58,730", ,https://m.media-amazon.com/images/I/716Iu7MvN4L._AC_UY218_.jpg
VU 108 cm (43 Inches) 4K Ultra HD Smart LED TV 43 OA (Silver) (2019 Model),"₹34,990",4.2 out of 5 stars,https://m.media-amazon.com/images/I/71jiWhMq3IL._AC_UY218_.jpg
Samsung The Serif Series 123 cm (49 Inches) 4K Ultra HD Smart QLED TV QA49LS01TAKXXL (Cloud White) (2020 Model),"₹79,990", ,https://m.media-amazon.com/images/I/81TykyxGSJL._AC_UY218_.jpg
"Croma 127 cm (50 inches) Fire TV 4K Ultra HD Smart LED TV (CREL7367, Black) (2021 Model)","₹43,990", ,https://m.media-amazon.com/images/I/81kRS0ZXt7L._AC_UY218_.jpg
Foxsky 165 cm (65 inches) 4K Ultra HD Smart LED TV 65FS-VS (Black) (2021 Model) | With Voice Assistant,"₹52,499", ,https://m.media-amazon.com/images/I/81+4Ag+QISL._AC_UY218_.jpg
LG 109.2 cm (43 Inches) 4K Ultra HD Smart LED TV 43UM7790PTA (Black) (2021 Model),"₹49,990", ,https://m.media-amazon.com/images/I/71pExQJ9WBL._AC_UY218_.jpg
Sony Bravia 108 cm (43 inches) Full HD LED Smart TV KLV-43W672G (Black),"₹51,140", ,https://m.media-amazon.com/images/I/81y7qQG1GvL._AC_UY218_.jpg
Sony Bravia 164 cm (65 inches) XR series 4K Ultra HD Smart Full Array LED Google TV XR-65X90J (Black) (2021 Model) | with Alexa Compatibility,"₹1,89,989", ,https://m.media-amazon.com/images/I/81Lh2jUJlfS._AC_UY218_.jpg
Sony Bravia 139 cm (55 inches) XR series 4K Ultra HD Smart OLED Google TV XR-55A80J (Black) (2021 Model) | with Alexa Compatibility,"₹1,89,989",4.2 out of 5 stars,https://m.media-amazon.com/images/I/8116TOvxtsL._AC_UY218_.jpg
Koryo 102 cm (40 Inches) Full HD LED TV KLE40FNFLF71T (Black) (2019 Model),"₹18,500",3.9 out of 5 stars,https://m.media-amazon.com/images/I/510malitp+L._AC_UY218_.jpg
TCL 125.7 cm (50 inches) 4K Ultra HD Smart Certified Android LED TV 50P8E (Black) (2019 Model),"₹34,599",4.1 out of 5 stars,https://m.media-amazon.com/images/I/71L6lQMvBeL._AC_UY218_.jpg
TCL 125.7 cm (50 inches) 4K Ultra HD Smart Certified Android LED TV 50P8E (Black) (2019 Model),"₹34,599",4.1 out of 5 stars,https://m.media-amazon.com/images/I/71L6lQMvBeL._AC_UY218_.jpg
Power Guard 98 cm (40 Inches) HD Ready Smart Android LED TV PG 40 SVC (Black) (2021 Model) | With Voice Command Remote,"₹22,499", ,https://m.media-amazon.com/images/I/616NuxPSG8L._AC_UY218_.jpg
Panasonic 109.3 cm (43 Inches) Full HD LED Smart TV TH-43FS600D (Black) (2018 model),"₹34,900", ,https://m.media-amazon.com/images/I/81YecchZYKL._AC_UY218_.jpg
NU Enterprise Glowshine LED TV Full UHD Smart Television 4K Display (50),"₹39,650", ,https://m.media-amazon.com/images/I/41XoOf0Gr-L._AC_UY218_.jpg
LG 123 cm (49 inches) 4K Ultra HD Smart NanoCell TV 49NANO80TNA (Black) (2020 Model),"₹69,590",4.1 out of 5 stars,https://m.media-amazon.com/images/I/71fTmsO6iOL._AC_UY218_.jpg
Panasonic 80 cm (32 Inches) HD Ready LED TV TH-32D200DX (Black),"₹19,551",4.0 out of 5 stars,https://m.media-amazon.com/images/I/419YYDPLQDL._AC_UY218_.jpg
TCL 163.9 cm (65 inches) 4K Ultra HD Certified Android Smart QLED TV 65C715 (Metallic Black) (2020 Model) | With Remote Less Voice Control,"₹92,999", ,https://m.media-amazon.com/images/I/71lB4sbXs7L._AC_UY218_.jpg
Samsung 80 cm (32 inches) HD Ready Smart LED TV UA32T4310AKXXL (Glossy Black) (2020 Model),"₹20,480",4.1 out of 5 stars,https://m.media-amazon.com/images/I/81wBQHzF8oL._AC_UY218_.jpg
Samsung 80 cm (32 Inches) HD Ready Smart LED TV UA32T4600 (Black) (2021 Model),"₹24,990", ,https://m.media-amazon.com/images/I/71eBbiHaWLL._AC_UY218_.jpg
LG 139.7 cm (55 Inches) 4K Ultra HD Smart LED TV 55UP8000PTZ (Black) (2021 Model),"₹65,999", ,https://m.media-amazon.com/images/I/71DpjHmp-4L._AC_UY218_.jpg
LG 139.7 cm (55 Inches) 4K Ultra HD Smart OLED TV OLED55B1PTZ (Black) (2021 Model),"₹1,47,290", ,https://m.media-amazon.com/images/I/71O+dVfOb5L._AC_UY218_.jpg
AISEN 108 cm (43 Inches) Full HD Smart LED TV A43FDS963 (Black) (2021 Model) | With Built-in Alexa,"₹26,990", ,https://m.media-amazon.com/images/I/81iuXDctmeS._AC_UY218_.jpg
Panasonic 101.6 cm (40 Inches) Full HD LED TV TH-40E400D (Black) (2017 model),"₹35,199",4.0 out of 5 stars,https://m.media-amazon.com/images/I/91WT8szwRaL._AC_UY218_.jpg
Panasonic 108 cm (43 Inches) 4K Smart HDR Android LED TV TH-43JX650DX (Black) (2021 Model),"₹39,580", ,https://m.media-amazon.com/images/I/41eGH5GHT3L._AC_UY218_.jpg
Panasonic 139 cm (55 Inches) 4K Ultra HD Smart Android LED TV TH-55JX750DX (Black) (2020 Model),"₹63,189", ,https://m.media-amazon.com/images/I/71QxrTsC8dS._AC_UY218_.jpg
"LG 139.7 cm (55 Inches) Smart Ultra HD 4K LED TV 55UN7300PTC (2020 Model, Black) (Black)","₹60,690",4.2 out of 5 stars,https://m.media-amazon.com/images/I/51YEtfervgL._AC_UY218_.jpg
HAIER 32K6600 80cm (32 inch) HD LED Smart Android TV,"₹22,990", ,https://m.media-amazon.com/images/I/31nUnOMhUWL._AC_UY218_.jpg
Panasonic 108 cm (43 Inches) 4K Ultra HD Smart Android LED TV TH-43JX750DX (Black) (2020 Model),"₹43,870", ,https://m.media-amazon.com/images/I/71QxrTsC8dS._AC_UY218_.jpg
TCL 108 cm (43 inches) 4K Ultra HD Smart Certified Android LED TV 43P8E (Black) (2019 Model),"₹30,999",4.1 out of 5 stars,https://m.media-amazon.com/images/I/71L6lQMvBeL._AC_UY218_.jpg
"Croma 109 cm (43 inches) Fire TV 4K Ultra HD Smart LED TV (CREL7366, Black) (2021 Model)","₹35,990", ,https://m.media-amazon.com/images/I/61KjwZQmUwL._AC_UY218_.jpg
TCL 163.9 cm (65 inches) 4K Ultra HD Certified Android Smart QLED TV 65C815 (Metallic Black) (2020 Model) | With Integrated 2.1 ONKYO Soundbar,"₹91,999",4.0 out of 5 stars,https://m.media-amazon.com/images/I/71FpG+PU7iL._AC_UY218_.jpg
Sony Bravia 108 cm (43 inches) 4K Ultra HD Certified Android LED TV 43X8000H (Black) (2020 Model),"₹68,900", ,https://m.media-amazon.com/images/I/91F9nw-LGYL._AC_UY218_.jpg
Samsung 80 cm (32 Inches) LED Smart TV UA32R4500ARXXL (Black) (2019 Model),"₹21,400",4.2 out of 5 stars,https://m.media-amazon.com/images/I/81AruPeG2vL._AC_UY218_.jpg
Panasonic 108 cm (43 Inches) Full HD LED Smart TV TH-W43ES48DX (Black) (2017 model),"₹51,299", ,https://m.media-amazon.com/images/I/91b8LSTtveL._AC_UY218_.jpg
LG 165.1 cm (65 Inches) 4K Ultra HD Smart OLED TV OLED65C1PTZ (Grey) (2021 Model),"₹2,49,890", ,https://m.media-amazon.com/images/I/71LuMJyPyKL._AC_UY218_.jpg
(Renewed) Sony Bravia 108 cm (43 inches) Full HD LED Smart TV KLV-43W672G (Black),"₹44,500", ,https://m.media-amazon.com/images/I/81VPmyG+eBL._AC_UY218_.jpg
NU Enterprise Glowshine Frameless Smart LED TV Full HD Television (55),"₹56,230", ,https://m.media-amazon.com/images/I/415duPKpmDL._AC_UY218_.jpg
AISEN 139 cm (55 Inches) 4K Ultra HD Smart Android LED TV A55UDS975 (SILVER) (2021 Model),"₹44,490", ,https://m.media-amazon.com/images/I/71RlBBtFo+S._AC_UY218_.jpg
Sony Bravia 164 cm (65 inches) 4K Ultra HD Smart LED Google TV KD-65X85J (Black) (2021 Model) | with Alexa Compatibility,"₹1,51,990", ,https://m.media-amazon.com/images/I/81aAdbBzGTS._AC_UY218_.jpg
Jai Jalaram Electronics AIWA LED Smart TV (55 Inch),"₹45,600", ,https://m.media-amazon.com/images/I/51OGkM+39PL._AC_UY218_.jpg
"LG 55NANO86TNA 4K Ultra HD Smart NanoCell TV (Light Steel Silver, 139 cm/55 Inches, 2020 Model)","₹1,00,039", ,https://m.media-amazon.com/images/I/71sML4pKJiL._AC_UY218_.jpg
