,Unnamed: 0,Unnamed: 0.1,Unnamed: 0.1.1,Unnamed: 0.1.1.1,Unnamed: 0.1.1.1.1,Unnamed: 0.1.1.1.1.1,Unnamed: 0.1.1.1.1.1.1,Unnamed: 0.1.1.1.1.1.1.1,Unnamed: 0.1.1.1.1.1.1.1.1,Unnamed: 0.1.1.1.1.1.1.1.1.1,Unnamed: 0.1.1.1.1.1.1.1.1.1.1,title,description,date,price,img,path
0,0,0,0,0,0,0,0,0,0,0,0,Dressing Drawer and study/laptop table with study almirah,Study table with books almirah Dressing drawers withseprte mirror,2021-09-24T03:25:29+0000,"₹ 5,000",https://apollo-singapore.akamaized.net:443/v1/files/fq22ierq0pt41-IN/image,images/0.png
1,1,1,1,1,1,1,1,1,1,1,1,New asus laptop / 4 gb ram and 1024 gb rom/with charger/fingerprint,I sell this laptop because I want to buy a new apple macbook air m1 chip / mujhe 25000 kam pad rahe hh,2021-09-24T00:43:59+0000,"₹ 24,000",https://apollo-singapore.akamaized.net:443/v1/files/ky6o4j3o8o4v2-IN/image,images/1.png
2,2,2,2,2,2,2,2,2,2,2,2,Asus vivobook flip 14 ( Touch screen) laptop,"Asus vivobook flip 14 are ready for sale... Only 10 month old laptop and still in warranty upto September 2022... I mainly used it for media consumption like Netflix and all, because I have my MacBook for my personal work... Key features of the laptop: * Ryzen 5 4500u processor... * 8GB ram expandable upto 16GB... * 512GB m.2 nvme superfast SSD... * Touch screen with stylus (good in graphics and tutoring things). * AMD radeon rx vega 6 graphics card...",2021-09-23T22:34:16+0000,"₹ 50,000",https://apollo-singapore.akamaized.net:443/v1/files/l7u9lenawvdy2-IN/image,images/2.png
3,3,3,3,3,3,3,3,3,3,3,3,NEW Ryzen 5 5600x Processor,"Brand new Amazon bill, box, cooler available. Unopened and sealed product. Bought for my pc but Selling due to money shortage. Selling at a loss Can ship all over india",2021-09-23T19:23:28+0000,"₹ 22,999",https://apollo-singapore.akamaized.net:443/v1/files/2i2wa4jys0hp1-IN/image,images/3.png
4,4,4,4,4,4,4,4,4,4,4,4,Macbook Air | i7 | 8GB | 1TB SSD | with windows,"Macbook Air  i7 | 8GB | 1TB SSD  With original windows installed through boot camp. (Not possible in M1 chip models)  Bought it on 10th March 2021 - 6 months old only Bought for 1,50,000/- with bill and original windows for 12,000/-  Note: a small bump is there on the body not even noticeable.  Price is fixed so plz don’t bargain.  If windows is not needed, I will reduce the price by 10,000/-",2021-09-10T05:21:23+0000,"₹ 1,10,000",https://apollo-singapore.akamaized.net:443/v1/files/eu6lfjw62oo11-IN/image,images/4.png
5,5,5,5,5,5,5,5,5,5,5,5,{4GB RAM+320GB HDD+16INCH LED+CPU} NEW CORE2DUO COMPUTER=1 Yr WARRANTY,"BRANDED NEW CORE2DUO COMPUTER WITH 1 YEAR WARRANTY ALL PARTS BILL CARD.  NEW BOX PACKED 16INCH L.E.D. MONITOR.  NEW ZEBRONICS KEYBOARD & MOUSE,CABLES.  G41 ASUS BRANDED MOTHERBOARD.  BRANDED INTEL CORE2DUO 3.00GHZ HIGH SPEED PROCESSOR LATEST GRAPHICS.  BRANDED 2GB GRAPHIC MEMORY INBUILT.  BRANDED INTEL BRANDED FAN.  BRANDED 4GB RAM DDR3 SAMSUNG.  BRANDED 320GB HARD DISK SATA SEAGATE.  BRANDED NEW ZEBRONICS CABINET+ POWER SUPPLY.  WINDOW 7, 10 ULTIMATE 64BIT INSTALLED.  ALL APPLICATION SOFTWARE INSTALLED FREE.  CASH ON HOME DELIVERY AVAILABLE IN 2 HOURS.  MORE DETAIL'S:- WHATSAPP NUMBER 88001''''64114..  CALL NOW=72919''''63226 SUMIT CHAUHAN.",2021-09-17T13:26:53+0000,"₹ 8,499",https://apollo-singapore.akamaized.net:443/v1/files/t28k01dtdsdg2-IN/image,images/5.png
6,6,6,6,6,6,6,6,6,6,6,6,Sony Vio Premium Series Laptop i5-2G/4/256/15.6&quot;/1 Month Warranty,"Sony Vio Premium Series Laptop  Intel Core i5-2G processor 4gb Ram 256gb SSD 15.6"" LED HD Display 1 Month Warranty",2021-09-21T12:11:05+0000,"₹ 19,500",https://apollo-singapore.akamaized.net:443/v1/files/72vknqm3ieq5-IN/image,images/6.png
7,7,7,7,7,7,7,7,7,7,7,7,Macbook Pro 16' (Latest) with Dbrand Skin,"Selling my Macbook pro 16"" in mint condition. 2.6GHz 6-core 9th-generation Intel Core i7 processor  Turbo Boost up to 4.5GHz  AMD Radeon Pro 5300M with 4GB of GDDR6 memory  16GB of 2666MHz DDR4 memory 512GB of SSD storage¹ 16-inch Retina display with True Tone  Magic Keyboard  Touch Bar and Touch ID  Four Thunderbolt 3 ports  Mint condition.  With original Dbrand skin Genuine buyers only.  Im not a dealer. It is my personal Macbook.",2021-09-23T18:50:59+0000,"₹ 1,45,000",https://apollo-singapore.akamaized.net:443/v1/files/bkkjwn2wr8tv3-IN/image,images/7.png
8,8,8,8,8,8,8,8,8,8,8,8,manufacturer Laptop study table. from tilak nagar to 3 km.delivery fre,"turer Laptop study table. from tilak nagar to 3 km.delivery free rate fix hai rate kam karne ke liye mat bolna table ka size 12×24×9 inch. 5 model available. 400/-₹, 500/-₹, 700/-₹, 800/-₹",2021-09-23T17:57:14+0000,₹ 400,https://apollo-singapore.akamaized.net:443/v1/files/yco41j0x7d0k1-IN/image,images/8.png
9,9,9,9,9,9,9,9,9,9,9,9,Acer aspire laptop,Core i3 processor 4 GB ram 500 GB hard disk Battery issue,2021-09-23T16:47:34+0000,"₹ 12,000",https://apollo-singapore.akamaized.net:443/v1/files/42gr2486mxcb3-IN/image,images/9.png
10,10,10,10,10,10,10,10,10,10,10,10,Apple macbook touchbar 15 inch i9,"Apple MacBook Pro touchbar 15 inch i9, 16 Gb, 500 gb model. Battery cycle only 9. Apple Care plus till July 2022. Accidental damage also covered. Almost brand new. Box not available. Bill available. Top configuration current price @ 200000/-. Genuine buyer call",2021-09-23T16:30:33+0000,"₹ 1,68,000",https://apollo-singapore.akamaized.net:443/v1/files/kcg4m0uomd1e3-IN/image,images/10.png
11,11,11,11,11,11,11,11,11,11,11,11,Lenovo laptop,1 year old with bag and charger,2021-09-23T16:03:32+0000,"₹ 14,000",https://apollo-singapore.akamaized.net:443/v1/files/ssgcetgfb60p3-IN/image,images/11.png
12,12,12,12,12,12,12,12,12,12,12,12,mcbook air,macbook air 2017 128gb 13.3 inch led,2021-09-23T15:57:46+0000,"₹ 48,000",https://apollo-singapore.akamaized.net:443/v1/files/3kassknbmln-IN/image,images/12.png
13,13,13,13,13,13,13,13,13,13,13,13,Cpu (cabinet),New conditions (8gb ram +2 harddisk) chula ha,2021-09-23T15:57:32+0000,"₹ 12,000",https://apollo-singapore.akamaized.net:443/v1/files/esrf1u8j05793-IN/image,images/13.png
14,14,14,14,14,14,14,14,14,14,14,14,"Asrock A320 hdv,4.0 motherboard",1 year old  not used Urgent sell 2 year warranty left,2021-09-23T15:47:01+0000,"₹ 3,200",https://apollo-singapore.akamaized.net:443/v1/files/w7ui4ko31m8i3-IN/image,images/14.png
15,15,15,15,15,15,15,15,15,15,15,15,Acer Nitro 5 i5,Fastest gaming laptop. Acer Nitro 5 i5. Laptop is very less used and in brand new condition.,2021-09-23T14:38:06+0000,"₹ 52,000",https://apollo-singapore.akamaized.net:443/v1/files/j51lxv7ypbyr-IN/image,images/15.png
16,16,16,16,16,16,16,16,16,16,16,16,Acer nitro 5 fastest i5 gaming laptop new,"Acer nitro 5 fastest gaming laptop, i5, 8 gb ram, 4 gb nvdia graphic card 1050ti, 256 ssd and 1tb hdd, full hd supports 4k, fully laminated with box.  Without any single scratch or any issue, cool boost, nitro sense, fastest ram.. Windows genuine.",2021-09-23T14:29:07+0000,"₹ 51,000",https://apollo-singapore.akamaized.net:443/v1/files/evfy6rdxvg1x1-IN/image,images/16.png
17,17,17,17,17,17,17,17,17,17,17,17,Best pc for accounting graphic designing video editing & normal gaming,LG monitor 18.5 inch and processor (pantium3.0 ght) and ram 4 gb (ddr 3) and hard disk 500 gb and lg dvd writer and mouse and USB wifi. And your updated processor i3 i5 i7 2 generation.& 3 generations,2021-09-23T13:14:11+0000,"₹ 9,000",https://apollo-singapore.akamaized.net:443/v1/files/haz5x8qlivao-IN/image,images/17.png
18,18,18,18,18,18,18,18,18,18,18,18,Dell Laptop,Dell Laptop good condition  Dell Latitude E6430 1TB Hard disk 4gb ram i 5,2021-09-23T13:06:55+0000,"₹ 18,000",https://apollo-singapore.akamaized.net:443/v1/files/li8xweq6recv2-IN/image,images/18.png
19,19,19,19,19,19,19,19,19,19,19,19,acer laptop,acer laptop model number aspire 3680 1.5 gb ram 60gb hardisk with charger no battery n it's not working at this time I don't know how this problem,2021-09-23T12:37:24+0000,"₹ 2,000",https://apollo-singapore.akamaized.net:443/v1/files/ruvsou6o3e8p3-IN/image,images/19.png
20,20,20,20,20,20,20,20,20,20,20,20,Hp Elite book 1030G2 available  i7 7th 16Gb +512Gb SSD cam x360,Hp Elite book 1030G2 Core i7 7th generation  16Gb  512Gb SSD  Cam X360 touchscreen,2021-09-24T11:56:57+0000,"₹ 49,999",https://apollo-singapore.akamaized.net:443/v1/files/0coiqc0zx7fg3-IN/image,images/20.png
21,21,21,21,21,21,21,21,21,21,21,21,Core to duo intel,"Intel Core to Duo desktop computer with Acer 17"" Digital LCD Monitor with keyboard and mouse.",2021-09-24T11:53:55+0000,"₹ 10,000",https://apollo-singapore.akamaized.net:443/v1/files/jae9kder4kii-IN/image,images/21.png
22,22,22,22,22,22,22,22,22,22,22,22,Dell latitude E 7480 i5 6th 8Gb / 256Gb,*NEW ARRIVAL*  *DELL LATITUDE E 7480* Core i5/6th gen/8gb DDR-4 Ram/256 M.2 14 Inches/Wi-Fi/Cam Ultra-slim Laptop,2021-09-24T11:46:49+0000,"₹ 31,500",https://apollo-singapore.akamaized.net:443/v1/files/jy1wd64cvnro3-IN/image,images/22.png
23,23,23,23,23,23,23,23,23,23,23,23,AOC MONITOR LIGHT WEIGHT,Newly new hardly 5 months old Light weight  Cpu se connect hoker chalta hai  Bhut kam light consume karta hai  18 inch wide display,2021-09-24T11:32:46+0000,"₹ 2,500",https://apollo-singapore.akamaized.net:443/v1/files/qn3g0g1s8p4i-IN/image,images/23.png
24,24,24,24,24,24,24,24,24,24,24,24,Sony Vaio premium series Laptop i5-2G.,"Sony Vaio premium series Laptop i5-2nd Gen. 4 GB 500GB Hard Disc, 15.6 Inch screen, webcam,",2021-09-24T10:03:00+0000,"₹ 19,500",https://apollo-singapore.akamaized.net:443/v1/files/q2qowpol91ho2-IN/image,images/24.png
25,25,25,25,25,25,25,25,25,25,25,25,8GB RAM+320GB HDD+ INTEL CORE i-3 3.30 COMPUTER WITH ONE YEAR WARRANTY,INTEL CORE i-3 COMPUTER WITH 1 YEAR WARRANTY BILL CARD ALL PARTS NEW AND BRANDED.  NEW SEALED PACKED 16 INCH L.E.D.  NEW ZREBRONICS KEYBOARD/MOUSE/CABLES.  2GB GRAPHIC CARD IN-BUILT HIGH PERFORMANCE.  H-61 SAMSUNG BRANDED MOTHERBOARD.  INTEL CORE i-3 3.30GHZ PROCESSOR HIGH SPEED MULTI WORKS.  8GB RAM DDR-3 SAMSUNG BRAND.  320GB HARD DISK SATA SEAGATE BRAND.  ZEBRONICS CABINET+POWER SUPPLY BEST LOOKING.  FREE= WINDOW-10 ULTIMATE & DRIVERS INSTALLED.  CASH ON HOME DELIVERY AVAILABLE ON YOUR PLACE.  CALLING & WHATSAPP NUMBER=88001''''64114 &  72919''''63226.,2021-09-24T09:59:22+0000,"₹ 12,999",https://apollo-singapore.akamaized.net:443/v1/files/phfkgul242oy1-IN/image,images/25.png
26,26,26,26,26,26,26,26,26,26,26,26,{4GB RAM+320GB HDD+16INCH LED+CPU} NEW CORE2DUO COMPUTER=1 Yr WARRANTY,"BRANDED NEW CORE2DUO COMPUTER WITH 1 YEAR WARRANTY ALL PARTS BILL CARD.  NEW BOX PACKED 16INCH L.E.D. MONITOR.  NEW ZEBRONICS KEYBOARD & MOUSE,CABLES.  G41 ASUS BRANDED MOTHERBOARD.  BRANDED INTEL CORE2DUO 3.00GHZ HIGH SPEED PROCESSOR LATEST GRAPHICS.  BRANDED 2GB GRAPHIC MEMORY INBUILT.  BRANDED INTEL BRANDED FAN.  BRANDED 4GB RAM DDR3 SAMSUNG.  BRANDED 320GB HARD DISK SATA SEAGATE.  BRANDED NEW ZEBRONICS CABINET+ POWER SUPPLY.  WINDOW 7, 10 ULTIMATE 64BIT INSTALLED.  ALL APPLICATION SOFTWARE INSTALLED FREE.  CASH ON HOME DELIVERY AVAILABLE IN 2 HOURS.  MORE DETAIL'S:- WHATSAPP NUMBER 88001''''64114..  CALL NOW=72919''''63226 SUMIT CHAUHAN.",2021-09-17T13:26:53+0000,"₹ 8,499",https://apollo-singapore.akamaized.net:443/v1/files/t28k01dtdsdg2-IN/image,images/26.png
27,27,27,27,27,27,27,27,27,27,27,27,HP / DELL / LENOVO Used Laptops For Branded Commercial Series i5/ i7,"HP / DELL / TOSHIBA Used Laptops For Branded Commercial Series i 5/ i 7  Ram : - 4 GB // 8 GB // 16 GB DDR 3-4  Hdd 320 GB &gt; 500 GB &gt; 1 TB  SSD 240 GB &gt; 256 GB &gt; 480 GB  Generation : - 2nd to 7th  Web Cam, Blue-tooth, Wi-fi  2hr Plus Battery Back up  One Month Testing Warranty  Ram or Hdd Also Upgrade-able  Get In Best Condition  Quantity Available  For More Nd Better Information Please Contact : -  (Gaurav Gupta)  Please Visit Our Store Nd See The Latest Collection :-  (ASHOK VIHAR) KANHAIYA NAGAR METRO  EXIT GATE NO 4 THEN CALL US :-",2021-09-18T06:34:29+0000,"₹ 16,999",https://apollo-singapore.akamaized.net:443/v1/files/r8ht2k76iajo3-IN/image,images/27.png
28,28,28,28,28,28,28,28,28,28,28,28,SELL START NEW INTEL CORE i-3 CPU WITH 1 YEAR WARRANTY {4GB +500GB},"BRAND NEW BOX PACKED INTEL CORE i-3 CPU WITH 1 YEAR ALL PARTS WARRANTY.  {GRAPHICS & GAMING CPU IN BUDGET}.  WI-FI DEVICE INBUILT.  CPU CONFIGURATION:-  1. H61 MSI BRANDED MOTHERBOARD.  2. INTEL CORE i-3 3.30GHZ HIGH SPEED  PROCESSOR.  3. 2GB GRAPHIC MEMORY INBUILT IN MOTHERBOARD.  4. 4GB RAM DDR-3 {SAMSUNG}.  5. 500GB HARD DISK {SEAGATE}.  6. WINDOW 7 ULTIMATE 64 BIT & DRIVER / APPLICATION SOFTWARE INSTALLED.  DO YOU WANT {WINDOW 10 AVAILABLE}.,  CASH ON HOME DELIVERY AVAILABLE IN 2 HOURS ON YOUR PLACE {HOME, OFFICE, COMPANY, SHOP, CYBER CAFE, ETC...  SUMIT CHAUHAN  {72919''''63226} CALLING NUMBER.  {88001''''64114} WHATSAAP NUMBER.",2021-09-10T04:36:13+0000,"₹ 8,999",https://apollo-singapore.akamaized.net:443/v1/files/qbt2pytdw6k11-IN/image,images/28.png
29,29,29,29,29,29,29,29,29,29,29,29,AUR KHELO GAMES INTEL CORE i-5 WI-FI COMPUTER WITH 1 YEAR WARRANTY BIL,INTEL CORE i-5 WI-FI COMPUTER WITH 1 YEAR WARRANTY BILL CARD ALL PARTS NEW AND BRANDED.  WIFI DEVICE.  NEW SEALED PACKED 16 INCH L.E.D.   NEW ZEBRONICS KEYBOARD/MOUSE/CABLES.  H-61 MSI BRANDED MOTHERBOARD.  INTEL CORE i-5 3.20GHZ PROCESSOR HIGH SPEED MULTI WORKS.  2GB GRAPHIC MEMORY IN-BUILT HIGH PERFORMANCE.  4GB RAM DDR-3 SAMSUNG BRAND.  500GB HARD DISK SATA SEAGATE BRAND.  ZEBRONICS CABINET+POWER SUPPLY BEST LOOKING.  FREE= WINDOW-10 PRO & DRIVERS INSTALLED.  CASH ON HOME DELIVERY AVAILABLE ON YOUR PLACE.  CALLING & WHATSAPP NUMBER=88001''''64114 &  72919''''63226.,2021-09-24T09:55:48+0000,"₹ 13,999",https://apollo-singapore.akamaized.net:443/v1/files/o5fpcdkvzroj-IN/image,images/29.png
30,30,30,30,30,30,30,30,30,30,30,30,Ddr3 2gb ram 2 ram available total 4gb,DDR3 ram 2gb i have two rams total 4gb checking option not available but I will give you checking warranty,2021-09-24T09:43:12+0000,₹ 600,https://apollo-singapore.akamaized.net:443/v1/files/5vsogdvsjste-IN/image,images/30.png
31,31,31,31,31,31,31,31,31,31,31,31,DELL  i3 LAPTOP  WELL MAINTAINED LESS USED,"Dell Laptop i3 processor 4GB RAM, 300 GB",2021-09-24T09:40:53+0000,"₹ 12,500",https://apollo-singapore.akamaized.net:443/v1/files/fvsjrhwjckb5-IN/image,images/31.png
32,32,32,32,32,32,32,32,32,32,32,32,Premium Imported EliteBook 2 in 1 Laptop With 3 Months Warranty,"Make : Hp   Model : Elite x2   Condition : New   Color : Aluminium Silver   Type : 2 in 1 laptop     Series : EliteBook   Processor : Core M3    Ram : 4Gb   HardDrive : 128 SSD    Graphics : 2Gb Intel    ScreenSize : 13""    BatteryBackup : 4 Hours+   Includes : Commercial WiFi, Bluetooth, HD Webcam, Dual trackpad, Fingerprint Sensor, Backlit Keyboard, Silent CPU, Sorround Sound Speaker, 3.0 USB, Matte Screen, Charger   Warranty : 3 Months with bill.",2021-09-24T09:30:34+0000,"₹ 36,500",https://apollo-singapore.akamaized.net:443/v1/files/cjhbuc90ymnh2-IN/image,images/32.png
33,33,33,33,33,33,33,33,33,33,33,33,HP ELITE BOOK X360 2IN ONE LAPTOPS CORE I7 16GB RAM 512SSD WIN 10,HP ELITE BOOK X360 2IN ONE LAPTOPS CORE I7 16GB RAM 512SSD WIN 10,2021-09-24T09:27:29+0000,"₹ 55,000",https://apollo-singapore.akamaized.net:443/v1/files/66wnx3gk8w5u2-IN/image,images/33.png
34,34,34,34,34,34,34,34,34,34,34,34,HP EliteBook x360 1030G2 13.3-inch Laptop (7th Gener,"HP Elightbook X360 1030 G2  i7-7th/16GB/512GB SSD / 13.3"" FHD Touchscreen 360° Rotation",2021-09-24T08:57:07+0000,"₹ 53,999",https://apollo-singapore.akamaized.net:443/v1/files/sx5jmu94kv2a1-IN/image,images/34.png
35,35,35,35,35,35,35,35,35,35,35,35,CORE i5 GAMING COMPUTER PC 4GB DDR3 RAM 2GB GRAPHICS 500GB HARD DISK,AOC FULL HD PURE LED GAMING MONITOR 18 INCH INTEL CORE i5 - 660 3.33GHZ 4THREADS PROCESSOR 4GB DDR3 RAM 500GB HARD DISK 2GB HD GRAPHICS FOR GAMING GRAPHIC DESIGNING AND VIDEO EDITING KEYBAORD AND MOUSE WINDOWS 7  FULL SET IS IN PERFECT CONDITION  MSG ME TO BUU,2021-09-24T08:21:22+0000,"₹ 12,000",https://apollo-singapore.akamaized.net:443/v1/files/m29gpt4v48r91-IN/image,images/35.png
36,36,36,36,36,36,36,36,36,36,36,36,Hp leptop 7th gen,"Silver colour body gud condition i3 , 7th genration gud working",2021-09-24T07:26:37+0000,"₹ 23,000",https://apollo-singapore.akamaized.net:443/v1/files/jqqk5iar9wg92-IN/image,images/36.png
37,37,37,37,37,37,37,37,37,37,37,37,"Mac Book Pro 13inch 2.5 , i5 high sierra",With all accessories. BOX ✔️ CHARGER ✔️ PAPERS ✔️ STICKERS ✔️ Not even used may be used 2 or 3 times i bought for travel only .  Mint condition.,2021-09-24T07:04:56+0000,"₹ 35,000",https://apollo-singapore.akamaized.net:443/v1/files/tjexcydmfu0a2-IN/image,images/37.png
38,38,38,38,38,38,38,38,38,38,38,38,HP PROJECTER urgent sale,Not working condition,2021-09-24T06:59:19+0000,"₹ 7,000",https://apollo-singapore.akamaized.net:443/v1/files/z3qmumvh6dou2-IN/image,images/38.png
39,39,39,39,39,39,39,39,39,39,39,39,G31 Motherboard Core2due Processor With Fan amd 3 GB Ram,G31 Motherboard Core2due Processor With Fan and 3 GB Ram Under Warranty,2021-09-24T06:13:53+0000,"₹ 1,500",https://apollo-singapore.akamaized.net:443/v1/files/0jvnojljmhb91-IN/image,images/39.png
40,40,40,40,40,40,40,40,40,40,40,40,Laptop & desktop on rent,We offer laptops and computers on rent.The fare for laptop is ₹2300 and for desktop is ₹850.,2021-09-24T17:02:14+0000,"₹ 2,300",https://apollo-singapore.akamaized.net:443/v1/files/enxa2bapqvnt1-IN/image,images/40.png
41,41,41,41,41,41,41,41,41,41,41,41,Dell/HP/LENOVO Branded Computer,Processor: Dual Core/Core 2 due / i3 / i5 RAM: 2 GB / 4 GB / 8 GB Hard Drive: 160 GB / 250 GB / 320GB / 500GB / 1TB  LED Monitor 15 / 17 / 19 / 22... Inches Keyboard & Mouse  *Warranty* 1 Year on RAM & HDD 1 Month on Machine (Testing)   *Price Valid till stock last*,2021-09-24T16:56:31+0000,"₹ 6,500",https://apollo-singapore.akamaized.net:443/v1/files/1c9rkcpydms4-IN/image,images/41.png
42,42,42,42,42,42,42,42,42,42,42,42,Like new condition Hp 1030G2 core i7 7th 16Gb / 512Gb x360 touchscreen,Hp Elite book 1030G2  Core i7 7th generation 16Gb Ram  512Gb SSD Cam X360 touchscreen,2021-09-24T16:48:37+0000,"₹ 49,999",https://apollo-singapore.akamaized.net:443/v1/files/dysy5lb26koj1-IN/image,images/42.png
43,43,43,43,43,43,43,43,43,43,43,43,Laptop 2GB DDR3 RAM Original,"Ram in Best condition, check and buy . Near Paschim vihar, Tilak Nagar Contact Majje lene wale pls don't msg.",2021-09-24T16:34:57+0000,₹ 480,https://apollo-singapore.akamaized.net:443/v1/files/qy5si18ukbrc2-IN/image,images/43.png
44,44,44,44,44,44,44,44,44,44,44,44,I want to sale my only cpu it's new condition.,Hello guys I have buy  the my pc on the second lockdown for the my online classes.but it's some issue break the my lcd so now I bought a laptop and I want to sale my cpu.  Core2 due  2 gb ram G31 bord ddr-3 ram  250 ya 160 hdd i don't know.  It's like new condition. Only the cpu any interested contact me..,2021-09-24T16:31:43+0000,"₹ 3,200",https://apollo-singapore.akamaized.net:443/v1/files/e9rrw1hwm4bu3-IN/image,images/44.png
45,45,45,45,45,45,45,45,45,45,45,45,"Laptop HP Pavalion 14-ce1001TX, 18 Months old","i5 8th Gen, 128 GB SSD, 1TB HDD, 8 GB Ram, 2GB Nvidia, 14"" Display",2021-09-24T15:50:56+0000,"₹ 39,900",https://apollo-singapore.akamaized.net:443/v1/files/mnhswxlqvej12-IN/image,images/45.png
46,46,46,46,46,46,46,46,46,46,46,46,Dell Inspiron N5110,"Intel Core i5 2.5Gz 15.6"" Display 6GB RAM 600 GB Hard disk Windows 7 Home premium with recovery Battery need to be replaced. Laptop works with charger only Bill not available",2021-09-24T15:45:03+0000,"₹ 16,000",https://apollo-singapore.akamaized.net:443/v1/files/zu0051d97hlv2-IN/image,images/46.png
47,47,47,47,47,47,47,47,47,47,47,47,Dell i3 Laptop at cheapest price!!,Dell i3 laptop with original charger. Only keypad some keys not working and battery needs to be replaced.,2021-09-24T14:21:22+0000,"₹ 12,000",https://apollo-singapore.akamaized.net:443/v1/files/nsdeakg3cgq63-IN/image,images/47.png
48,48,48,48,48,48,48,48,48,48,48,48,**A-GRADE SELECTED MODELS**HP DELL**CORE I5 MODELS**JUST LIKE NEW**,"we deals in Pre-owned branded corporate **Used*Laptops**  **Laptops**  **Price range starts 16999 to 24999**  Processor : Core i3/i5/i7 series Gen 1st to 6th  Ram/hdd: 4gb 8gb 16gb /320gb 500gb/1 tb/SSD  Brands : HP DELL LENOVO  Models : Elite book, pro book, latitude, think pad  Screen size: 12.5 inches/13.3/14/15.6 inches  **variety of laptops**touch screen laptops**Ultra books**  **wide range of laptops for all types works/users**  *All configurations**Desktops**Led screen**keyboard/mouse available*  ** core i3 core i5 core i7 xeon workstations**  **Please visit our office**Ashok vihar**  **Near kanhaiya nagar metro station**  **Exit gate No.4 (2 min walking distance)**  Shree Ganpati Infotech (ashok vihar)  Near kanhaiya nagar metro station",2021-09-16T10:14:10+0000,"₹ 16,999",https://apollo-singapore.akamaized.net:443/v1/files/m0jro2ik2gqj3-IN/image,images/48.png
49,49,49,49,49,49,49,49,49,49,49,49,**BRANDED CORPORATE USED LAPTOPS**DESKTOPS**CORE I5**HP DELL**MODELS**,"we deals in Pre-owned branded corporate **Used*Laptops**  **Laptops**  **Price range starts 16999 to 24999**  Processor : Core i3/i5/i7 series Gen 1st to 6th  Ram/hdd: 4gb 8gb 16gb /320gb 500gb/1 tb/SSD  Brands : HP DELL LENOVO  Models : Elite book, pro book, latitude, think pad  Screen size: 12.5 inches/13.3/14/15.6 inches  **variety of laptops**touch screen laptops**Ultra books**  **wide range of laptops for all types works/users**  *All configurations**Desktops**Led screen**keyboard/mouse available*  ** core i3 core i5 core i7 xeon workstations**  **Please visit our office**Ashok vihar**  **Near kanhaiya nagar metro station**  **Exit gate No.4 (2 min walking distance)**  Shree Ganpati Infotech (ashok vihar)  Near kanhaiya nagar metro station",2021-09-16T10:09:59+0000,"₹ 16,999",https://apollo-singapore.akamaized.net:443/v1/files/2aedczrvmcj91-IN/image,images/49.png
50,50,50,50,50,50,50,50,50,50,50,50,**VARIETY OF MODELS BRANDS*LAPTOPS*DESKTOPS*CORE I3*CORE I5*CORE I7**,"we deals in Pre-owned branded corporate **Used*LAPTOPS**DESKTOPS  **Laptops**  **Price range starts 16999 to 24999**  Processor : Core i3/i5/i7 series Gen 1st to 6th  Ram/hdd: 4gb 8gb 16gb /320gb 500gb/1 tb/SSD  Brands : HP DELL LENOVO  Models : Elite book, pro book, latitude, think pad  Screen size: 12.5 inches/13.3/14/15.6 inches  **variety of laptops**touch screen laptops**Ultra books**  **wide range of laptops for all types works/users**  *All configurations**Desktops**Led screen**keyboard/mouse available*  *DESKTOPS*  ** core i3 core i5 core i7 xeon workstations**  **Please visit our office**Ashok vihar**  **Near kanhaiya nagar metro station**  **Exit gate No.4 (2 min walking distance)**  Shree Ganpati Infotech (ashok vihar)  Near kanhaiya nagar metro station",2021-09-16T10:19:12+0000,"₹ 16,999",https://apollo-singapore.akamaized.net:443/v1/files/l8ymqf3pep311-IN/image,images/50.png
51,51,51,51,51,51,51,51,51,51,51,51,import Laptop Lenovo ThinkPad L430 Core i5 2nd 4GB +320GB Fixed Price,"Lenovo Thinkpad L430  Core i5 2nd gen  4GB Ram  320GB  Cam 14"" Screen No barging Fixed price 15500",2021-09-24T13:31:44+0000,"₹ 15,500",https://apollo-singapore.akamaized.net:443/v1/files/hyx1pbjfoio1-IN/image,images/51.png
52,52,52,52,52,52,52,52,52,52,52,52,Laptop table Study table Wall mount Table,manufactauring beas wood works,2021-09-24T13:15:38+0000,₹ 450,https://apollo-singapore.akamaized.net:443/v1/files/8qsm4e15stvc1-IN/image,images/52.png
53,53,53,53,53,53,53,53,53,53,53,53,Computer with all accessories,Computer (pc),2021-09-24T12:39:13+0000,"₹ 4,000",https://apollo-singapore.akamaized.net:443/v1/files/h1yf88es1gvc1-IN/image,images/53.png
54,54,54,54,54,54,54,54,54,54,54,54,Dell latitude 7280 core i5 6th Gen,Dell latitude e7280  Core i5 6th gen processor  8 gb ram  256 gb ssd  12.5 screen  Webcam  WiFi enabled  Bluetooth  Backlight keyboard  C- Type port  Good battery backup  A++condition  Look like brand new     with 15 days warranty,2021-09-24T12:27:13+0000,"₹ 26,000",https://apollo-singapore.akamaized.net:443/v1/files/1d2qy8thmhup3-IN/image,images/54.png
55,55,55,55,55,55,55,55,55,55,55,55,"सबसे सस्ता Laptops.  
     Hp Dell Lenovo acer",RS 7500 to Rs 20000   Core2Due laptop Starting Rs 7500  I3 laptop Starting Rs 10500  I5 laptop Starting Rs 11500  I7 laptop Starting Rs 17500,2021-09-24T12:14:42+0000,"₹ 19,500",https://apollo-singapore.akamaized.net:443/v1/files/sotg8b7ikbob3-IN/image,images/55.png
56,56,56,56,56,56,56,56,56,56,56,56,Laptop Dhamaka offer dell hp Lenovo Acer,All ok with  bill  available  starting  from. 8800 last 17500,2021-09-24T12:13:38+0000,"₹ 10,500",https://apollo-singapore.akamaized.net:443/v1/files/w8pozdt2543e2-IN/image,images/56.png
57,57,57,57,57,57,57,57,57,57,57,57,Laptop Dhamaka offer   dell hp Lenovo Acer Asus,All ok with  charger,2021-09-24T12:09:51+0000,"₹ 8,800",https://apollo-singapore.akamaized.net:443/v1/files/0lcjkv6pia5-IN/image,images/57.png
58,58,58,58,58,58,58,58,58,58,58,58,Only bulk not single units hp Elite book 1030G2 core i7 7th 16Gb 512G,Hp Elite book 1030G2  Available  core i7 7th  16Gb ram  512Gb SSD  Cam  X360 Touchscreen,2021-09-24T12:01:09+0000,"₹ 49,999",https://apollo-singapore.akamaized.net:443/v1/files/bf7m640s55cm3-IN/image,images/58.png
59,59,59,59,59,59,59,59,59,59,59,59,Hp Elite book 1030G2 available  i7 7th 16Gb +512Gb SSD cam x360,Hp Elite book 1030G2 Core i7 7th generation  16Gb  512Gb SSD  Cam X360 touchscreen,2021-09-24T11:56:57+0000,"₹ 49,999",https://apollo-singapore.akamaized.net:443/v1/files/0coiqc0zx7fg3-IN/image,images/59.png
60,60,60,60,60,60,60,60,60,60,60,60,Lenovo g50 70 core i3 4th gen (4 gb Ram 1 Tb Hdd,Lenovo g50 70 core i3 4th gen (4 gb Ram 1 Tb Hdd,2021-09-22T19:22:00+0000,"₹ 25,000",https://apollo-singapore.akamaized.net:443/v1/files/ancen0kc9bvg-IN/image,images/60.png
61,61,61,61,61,61,61,61,61,61,61,61,"Dell All IN one PC, 20 Inches, Model 3043 Bill Box.","Dell All in One PC, 20 Inches, Model 3043. Wifi Bluetooth USB Ports, SSD Port, HDMI Slot. Front Camera, With Keyboard and Mouse. 4GB DDR3 RAM. 500GB HARD DRIVE. WINDOWS 10 PRO, 64BIT. Bill Box available ONLY SERIOUS BUYERS WELCOME.",2021-09-22T18:10:18+0000,"₹ 16,500",https://apollo-singapore.akamaized.net:443/v1/files/hxnj4nmtp3202-IN/image,images/61.png
62,62,62,62,62,62,62,62,62,62,62,62,"Brand new Office,Study laptop adjustable table available at factory p","Brand new Office,Study laptop adjustable table available at factory p",2021-09-22T18:06:44+0000,"₹ 1,999",https://apollo-singapore.akamaized.net:443/v1/files/0u3mkiyliyis3-IN/image,images/62.png
63,63,63,63,63,63,63,63,63,63,63,63,Laptop sold,I want sell my laptop dell i3 inspiron un touch piece no single problem original window urgent need money 1 year 2 months old not single scratch,2021-09-22T17:39:57+0000,"₹ 32,000",https://apollo-singapore.akamaized.net:443/v1/files/jqqebksnjmb42-IN/image,images/63.png
64,64,64,64,64,64,64,64,64,64,64,64,Macbook pro,Apple MacBook Pro 13’ 2019  With Touch Bar  Space grey  Great condition  256gb SSD EXTENDED WARRANTY valid till oct 2022 Price negotiable  Serious buyers only,2021-09-22T16:14:36+0000,"₹ 1,00,000",https://apollo-singapore.akamaized.net:443/v1/files/9ms568sblplf3-IN/image,images/64.png
65,65,65,65,65,65,65,65,65,65,65,65,Motherboard and processor,Msi b450 tomahawk max and Amd Ryzen 5 3600 condition is like new. Not used much.,2021-09-22T15:13:52+0000,"₹ 24,999",https://apollo-singapore.akamaized.net:443/v1/files/1pu6r527kso32-IN/image,images/65.png
66,66,66,66,66,66,66,66,66,66,66,66,rx460 graphic card,"sapphire 460 2gb gpu, display goes off after 10 mins",2021-09-22T15:11:05+0000,"₹ 4,500",https://apollo-singapore.akamaized.net:443/v1/files/ambgtet4371b3-IN/image,images/66.png
67,67,67,67,67,67,67,67,67,67,67,67,Cooler master mb511 RGB cabinet,Cabinet Condition is like new. Few time old. Only Genuine buyer contact me,2021-09-22T15:10:18+0000,"₹ 3,499",https://apollo-singapore.akamaized.net:443/v1/files/0yqgogu0u0lv1-IN/image,images/67.png
68,68,68,68,68,68,68,68,68,68,68,68,Business card reader urgent,Genuine buyers calling,2021-09-22T14:21:37+0000,"₹ 1,600",https://apollo-singapore.akamaized.net:443/v1/files/fk1tefsy2b2h-IN/image,images/68.png
69,69,69,69,69,69,69,69,69,69,69,69,HP Laptop -15SGR0007AU,HP Laptop 15SGR0007AU Colour-Silver Warranty 1Yr RMN-TPN-C151 ProdID 21W93PA#ACJ Contains Realtek Radio,2021-09-22T13:20:13+0000,"₹ 28,000",https://apollo-singapore.akamaized.net:443/v1/files/bcb6zmk1cgvf3-IN/image,images/69.png
70,70,70,70,70,70,70,70,70,70,70,70,PC 2GB RAM HARD DISK 160 GB,Dell mouse new motherboard 1 year warranty Ram 3 year warranty hard dish 1 year warranty,2021-09-22T13:11:54+0000,"₹ 13,000",https://apollo-singapore.akamaized.net:443/v1/files/f6mkmcymlz0f1-IN/image,images/70.png
71,71,71,71,71,71,71,71,71,71,71,71,Good Condition Dell Lattitude E3340 Intel Core i5 4th Genration laptop,"Dell Lattitude e 3340 i5 3rd Generation Laptop  4GB Ram  500GB HDD  Webcam,Dvd,Wifi  Never Repaired  Original Window (With Licence Key)  All Genuine Accessories Available  Original Battery And Charger  Very Good Battery Backup  Fixed Price  Contact For Bulk Price",2021-09-22T11:49:51+0000,"₹ 21,999",https://apollo-singapore.akamaized.net:443/v1/files/3181t6q6qjx91-IN/image,images/71.png
72,72,72,72,72,72,72,72,72,72,72,72,CPU AMD A10 Pro 12 Core,Only CPU  Processor AMD A10 Pro 12 Cores  Ram 4 GB  Hard disk 1 TB,2021-09-22T10:43:48+0000,"₹ 8,500",https://apollo-singapore.akamaized.net:443/v1/files/zc5kd96sfjbo3-IN/image,images/72.png
73,73,73,73,73,73,73,73,73,73,73,73,Desktop pc setup windows 10 4GB RAM 1TB HDD + 120 GB SSD KINGSTON,This is a desktop pc with all accessories included keyboard mouse everything you just need to plug and work   Its a very good desktop pc which can afford to do all kinds of office work,2021-09-22T10:07:19+0000,"₹ 15,000",https://apollo-singapore.akamaized.net:443/v1/files/amzf0imxe57i1-IN/image,images/73.png
74,74,74,74,74,74,74,74,74,74,74,74,Desktop pc setup windows 10 4GM RAM 1TB HDD +120GB SSD Kingston,This is a desktop pc with all accessories included keyboard mouse everything you just need to plug and work  It's a very good dekstop pc which can afford to do all kinds of office work,2021-09-22T09:57:55+0000,"₹ 15,000",https://apollo-singapore.akamaized.net:443/v1/files/hwl0x1voq8l11-IN/image,images/74.png
75,75,75,75,75,75,75,75,75,75,75,75,Desktop With 17 in LCD,Intel Pentium(R)Dual 2nd generation Desktop 250GB HDD 2GB RAM DDR2 Activated Windows 7  17in. samsung LCD Display with mouse and keyboard 3 Years Old,2021-09-22T09:16:44+0000,"₹ 6,000",https://apollo-singapore.akamaized.net:443/v1/files/bsu0wghthss13-IN/image,images/75.png
76,76,76,76,76,76,76,76,76,76,76,76,Elitebook 8460p,Elitebook 8460p i5 2nd generation 4 GB Ram 250 GB SSD samsung Evo 860 320 HDD  Fixed Price,2021-09-22T08:39:55+0000,"₹ 20,000",https://apollo-singapore.akamaized.net:443/v1/files/hwhhlej8hg5d-IN/image,images/76.png
77,77,77,77,77,77,77,77,77,77,77,77,Dell laptop | 8gb ram | smoothly working | no single scratch|4.5hrs,Dell 8 gb RAM Fully working Every part of laptop is in good condition Charger 4.5 battery back up,2021-09-22T08:36:34+0000,"₹ 18,000",https://apollo-singapore.akamaized.net:443/v1/files/ue8e7rt8z3zw-IN/image,images/77.png
78,78,78,78,78,78,78,78,78,78,78,78,Lenovo Thinkpad x240 / 8GB Ram/ 500 hdd/ Core i5 4th Gen Brand New,"Brand New Condition  Lenovo Thinkpad x240  Core i5 4th Generation  8 GB Ram  500 GB HDD  12.5 Inch Full HD Display  Genuine windows 10 Pro  Webcam  Free Demo Available  2 Years Support  Office - B/404-405 , 1st Floor , Nehru Ground Faridabad",2021-09-22T08:01:26+0000,"₹ 21,500",https://apollo-singapore.akamaized.net:443/v1/files/bu4zypg81gjj-IN/image,images/78.png
79,79,79,79,79,79,79,79,79,79,79,79,HP i3 desktop only cpu,i3 3.2Ghz 550 4gb ram 500gb hdd all original HP parts new like condition FIX PRICE no time waste,2021-09-22T07:57:22+0000,"₹ 6,500",https://apollo-singapore.akamaized.net:443/v1/files/ktq4j4ubprab3-IN/image,images/79.png
80,80,80,80,80,80,80,80,80,80,80,80,SONY VAIO with Bill,"Sony vaio laptop good condition 4gb Ram, 320gb hard disk, with original charger, with Bill,",2021-09-23T11:24:42+0000,"₹ 13,500",https://apollo-singapore.akamaized.net:443/v1/files/d373lk9bw9md1-IN/image,images/80.png
81,81,81,81,81,81,81,81,81,81,81,81,Dell i5 Laptop,"In a good conditions with new battery 1 year guarantee, Hard disk 1 year warranty 500 GB, RAM 4GB",2021-09-23T11:19:51+0000,"₹ 18,000",https://apollo-singapore.akamaized.net:443/v1/files/qdvls5ps7x742-IN/image,images/81.png
82,82,82,82,82,82,82,82,82,82,82,82,Apple macbook pro 2012 500gb internal 4gb ram intel i5 processor,Apple Macbook pro 2012 500gb internal 4gb ram inter core i5 processor in mint condition with all accessories and bill box. No problem at all works perfectly fine. Never opend or repaired. Battery cycle count 800. All accessories are available. Bill Box Charger Data cable Only serious buyers time wasters stay away,2021-09-23T10:00:52+0000,"₹ 24,500",https://apollo-singapore.akamaized.net:443/v1/files/w57x5f1oy6ug-IN/image,images/82.png
83,83,83,83,83,83,83,83,83,83,83,83,working conditions assemble computer,core 2 duo processor ram 2gb hdd 160gb 15.6 samsung led Key+ mouse,2021-09-22T07:48:33+0000,"₹ 4,000",https://apollo-singapore.akamaized.net:443/v1/files/02o6eq2v6h352-IN/image,images/83.png
84,84,84,84,84,84,84,84,84,84,84,84,SAS Drive 600 gb,model number : ST3600057SS Drive Interface : SAS Storage Capacity: 600 GB Maximum External Data Transfer Rate: 600 MB/s (4.7 Gbit/s) Spindle Speed (rpm): 15000 Buffer: 16 MB,2021-09-22T06:49:28+0000,"₹ 4,900",https://apollo-singapore.akamaized.net:443/v1/files/ev57eyvd3q891-IN/image,images/84.png
85,85,85,85,85,85,85,85,85,85,85,85,Rent or Sale,"We provide you a good Computer and good service, we delling computer and laptop           ((Rent and Sale )))",2021-09-22T06:36:23+0000,"₹ 1,000",https://apollo-singapore.akamaized.net:443/v1/files/qqxignf6gsbv1-IN/image,images/85.png
86,86,86,86,86,86,86,86,86,86,86,86,एक और ऑफर NEW INTEL CORE i-5 CPU BOX PACKED WITH 1 YEAR PARTS WARRANTY,"NEW INTEL CORE i-5 CPU BOX PACKED WITH 1 YEAR ALL PARTS WARRANTY.  {GAMING, GRAPHIC, SOFTWARE} BEST PLAY.  {-SAMSUNG-} H-61 MOTHERBOARD.  INTEL CORE i-5 3.00GHZ PROCESSOR HIGH SPEED & BEST GRAPHICS.  2GB GRAPHICS MEMORY ON BOARD.  4GB RAM DDR-3 {-SAMSUNG-}  320GB HARD DISK SATA {-SEAGATE}.  NEW CABINET & POWER SUPPLY {-ZEBRONICS-}.  WINDOW-10 PRO WITH DRIVERS INSTALLED {-FREE-}.  CASH ON HOME DELIVERY AVAILABLE IN 2 HOURS ON YOUR PLACE {ALL OVER DELHI NCR}.  {J.C COMPUTER}  SUMIT CHAUHAN:-ORDER NOW.  {88001''''64114} AND {72919''''63226}order",2021-09-22T06:35:49+0000,"₹ 9,999",https://apollo-singapore.akamaized.net:443/v1/files/b5ve3npitzc2-IN/image,images/86.png
87,87,87,87,87,87,87,87,87,87,87,87,आसानी से आर्डर करे NEW INTEL CORE i-5 CPU BOX PACKED = 1 YEAR WARRANTY,"NEW INTEL CORE i-5 CPU BOX PACKED WITH 1 YEAR ALL PARTS WARRANTY.  {GAMING, GRAPHIC, SOFTWARE} BEST PLAY.  {-SAMSUNG-} H-61 MOTHERBOARD.  INTEL CORE i-5 3.00GHZ PROCESSOR HIGH SPEED & BEST GRAPHICS.  2GB GRAPHICS MEMORY ON BOARD.  4GB RAM DDR-3 {-SAMSUNG-}  500GB HARD DISK SATA {-SEAGATE}.  NEW CABINET & POWER SUPPLY {-ZEBRONICS-}.  WINDOW-10 PRO WITH DRIVERS INSTALLED {-FREE-}.  CASH ON HOME DELIVERY AVAILABLE IN 2 HOURS ON YOUR PLACE {ALL OVER DELHI NCR}.  {J.C COMPUTER}  SUMIT CHAUHAN:-ORDER NOW.  {88001''''64114} AND {72919''''63226}order",2021-09-22T06:35:32+0000,"₹ 10,999",https://apollo-singapore.akamaized.net:443/v1/files/njifdlyh72cs1-IN/image,images/87.png
88,88,88,88,88,88,88,88,88,88,88,88,Dell AMD A6-4gbram-500gbhdd-15.6 display,Dell laptop- AMD A6-4gbram-500gbhdd-15.6 Display good condition laptop,2021-09-22T06:28:51+0000,"₹ 14,800",https://apollo-singapore.akamaized.net:443/v1/files/or5y7e7r95lw1-IN/image,images/88.png
89,89,89,89,89,89,89,89,89,89,89,89,Acer laptop-2gbram-80gbhdd-15 inch,Acer laptop-2gbram-80gbhdd-15 inch Good condition laptop,2021-09-22T06:23:39+0000,"₹ 4,500",https://apollo-singapore.akamaized.net:443/v1/files/dlo17tzjkyaq-IN/image,images/89.png
90,90,90,90,90,90,90,90,90,90,90,90,Acer laptop Pentium Gold Core 2 duo,Acer one  laptop 4 GB Ram and 1 TB HDD purchased in december 2020 still under warranty in very good condition,2021-09-22T06:05:35+0000,"₹ 15,500",https://apollo-singapore.akamaized.net:443/v1/files/fyvlwup5eh4y-IN/image,images/90.png
91,91,91,91,91,91,91,91,91,91,91,91,Apple Imac A1224,iMac A 1224 Model  Processor : - Core2 duo 2.4 ghz  Ram :- 4gb can be upgraded 16 gb and more  Hard Disk : -480 Gb SSD (Solid State Sata Drive)  Screen : - 20 inch (1680 x 1050)  Graphics : - ATi Radeon HD 2400 XT 128 Mb   OS : OS X Yosemite  Excellent condition  Rs 15000   For More Details Contact : Harender Singh,2021-09-22T05:36:55+0000,"₹ 15,000",https://apollo-singapore.akamaized.net:443/v1/files/liweqf42jq3a1-IN/image,images/91.png
92,92,92,92,92,92,92,92,92,92,92,92,Apple Mouse,Apple Mouse 6 months old Working fine  Bluetooth connectivity Brand new condition,2021-09-22T05:36:35+0000,"₹ 4,000",https://apollo-singapore.akamaized.net:443/v1/files/7dpyx6fr7jch3-IN/image,images/92.png
93,93,93,93,93,93,93,93,93,93,93,93,AMD 4TH GEN GAMING COMPUTER PC 6GB DDR3 RAM 500GB HDD 2GB AMD GRAPHICS,PERFECTLY WORKING IN NEW CONDITION ONLY 1 YEAR OLD AND BEST FOR HEAVY GAMING AND VIDEO EDITING IN PREMIERE PRO AFTER EFFECT ALSO  -AOC 18 INCH FULL HD LED BRIGHT GAMING MONITOR -AMD PHENOM X4 955 3.20GHZ 4 CORES 4THREADS PROCESSOR(BETTER THAN i5)  -6GB DDR3 1600MHZ RAM -500GB HARD DISK -2GB AMD RADEON 3000 GRAPHICS FOR GTA5 AND ALL GAMING -WINDOWS 10 PRO -KEYBAORD AND MOUSE FULL SET  MSG ME TO BUY,2021-09-22T05:31:34+0000,"₹ 11,000",https://apollo-singapore.akamaized.net:443/v1/files/34sd1odobijo-IN/image,images/93.png
94,94,94,94,94,94,94,94,94,94,94,94,Dell Latitude 3490,Dell Latitude 3490  Cpu i5 8th Gen. 8GB Ram 512 GB SSD Brand new condition  No scratches  Excellent battery health With original charger,2021-09-22T04:45:57+0000,"₹ 40,000",https://apollo-singapore.akamaized.net:443/v1/files/sb5fkpcjih341-IN/image,images/94.png
95,95,95,95,95,95,95,95,95,95,95,95,Bosch GBL 620 Air Blower,"Sealed pack,brand new unused.no warranty as it was gifted and received two.Pl don't make offers for less than 2000 rs.thanks",2021-09-22T02:03:25+0000,"₹ 2,300",https://apollo-singapore.akamaized.net:443/v1/files/oin5ggr1egx13-IN/image,images/95.png
96,96,96,96,96,96,96,96,96,96,96,96,Apple MacBook Air 13inc M1,Brand New Apple MacBook Air and Pro.  All Variants Available  GB 256 512 All Colours Available,2021-09-21T21:01:07+0000,"₹ 82,500",https://apollo-singapore.akamaized.net:443/v1/files/fv6a7ybedvjx-IN/image,images/96.png
97,97,97,97,97,97,97,97,97,97,97,97,"Lenovo Ideapad 510 Intel i5 7th gen, 8 GB ram, 256 GB SSD, 1 TB SSD","2 Gb Nvidea Graphics card Mint Condition laptop, Perfectly fine and smooth in operations.",2021-09-21T20:31:08+0000,"₹ 30,000",https://apollo-singapore.akamaized.net:443/v1/files/ub2pna93fbno-IN/image,images/97.png
98,98,98,98,98,98,98,98,98,98,98,98,Apple Magic Mouse 2 (BLUE COLOUR),"sealed packed blue magic mouse 2 got with imac , I have magic trackpad so i dont require the same.",2021-09-21T18:51:09+0000,"₹ 7,500",https://apollo-singapore.akamaized.net:443/v1/files/9knuc0uebhqv2-IN/image,images/98.png
99,99,99,99,99,99,99,99,99,99,99,99,"Brand new folding Wallmount laptop, Study table available at factory p","Brand new folding Wallmount laptop, Study table available at factory price",2021-09-21T18:44:33+0000,"₹ 1,499",https://apollo-singapore.akamaized.net:443/v1/files/wjd9pqqfqc2y1-IN/image,images/99.png
100,100,100,100,100,100,100,100,100,100,100,100,Acer E1-510,"Pentium 4, 2gb RAM, 500gb storage, no graphic card, battery not working, laptop works with charging ON",2021-09-21T18:42:15+0000,"₹ 6,500",https://apollo-singapore.akamaized.net:443/v1/files/wgi3ly4ckbeo2-IN/image,images/100.png
101,101,101,101,101,101,101,101,101,101,101,101,Dell laptop 6 gb ram 500gb hd,It's is working fine only the web camera is not working Nd bettery Bacup is good,2021-09-21T17:58:02+0000,"₹ 18,000",https://apollo-singapore.akamaized.net:443/v1/files/i1mhbng9nk7u3-IN/image,images/101.png
102,102,102,102,102,102,102,102,102,102,102,102,"सबसे सस्ता Laptops
Dell Hp Lenovo Apple
C2D i3 i5 i7",प्रतेक  खरिदारी में निश्चेत उपहार मिलेला  हमारे यहाँ  होलसेल रेट में उपलब्ध है. दुकानदार संपर्क करे Contact for  Bulk Deal for Computer/School/ Institute etc..   सबसे सस्ता Laptops.        Hp Dell Lenovo Apple. i3 i5 i7 C2D. Processor. Refurbished and Company's Used Laptop. With  Warranty   Note-  Laptop starting   RS 7500 to Rs 20000   Core2Due laptop Starting Rs 7500  I3 laptop Starting Rs 11500  I5 laptop Starting Rs 12500  I7 laptop Starting Rs 17500,2021-09-21T17:28:05+0000,"₹ 8,800",https://apollo-singapore.akamaized.net:443/v1/files/tgnhn58wfouf3-IN/image,images/102.png
103,103,103,103,103,103,103,103,103,103,103,103,HERE BEST PRICE INTEL CORE i-3 COMPUTER WI-FI WITH 1YEAR WARRANTY BILL,INTEL CORE i-3 COMPUTER WI-FI WITH 1 YEAR WARRANTY BILL CARD ALL PARTS NEW AND BRANDED.  WI-FI DEVICE.  NEW SEALED PACKED 16 INCH L.E.D.  NEW ZREBRONICS KEYBOARD/MOUSE/CABLES.  2GB GRAPHIC MEMORY IN-BUILT HIGH PERFORMANCE.  H-61 MSI BRANDED MOTHERBOARD.  INTEL CORE i-3 3.30GHZ PROCESSOR HIGH SPEED MULTI WORKS.  4GB RAM DDR-3 SAMSUNG BRAND.  500GB HARD DISK SATA SEAGATE BRAND.  ZEBRONICS CABINET+POWER SUPPLY BEST LOOKING.  FREE= WINDOW-10 ULTIMATE & DRIVERS INSTALLED.  CASH ON HOME DELIVERY AVAILABLE ON YOUR PLACE.  CALLING & WHATSAPP NUMBER=88001''''64114 &  72919''''63226.,2021-09-21T05:53:28+0000,"₹ 11,999",https://apollo-singapore.akamaized.net:443/v1/files/xnrqy853bdyr3-IN/image,images/103.png
104,104,104,104,104,104,104,104,104,104,104,104,ASANI SE MILEGA BRANDED HP INTEL CORE i-3 CPU WITH 1 YEAR WARRANTY,"BRANDED HP 3RD GEN. INTEL CORE i-3 CPU WITH 1 YEAR ALL PARTS WARRANTY.  {GRAPHICS & GAMING CPU IN BUDGET}.  DVD WRITER.  CPU CONFIGURATION:-  1. H61 HP BRANDED MOTHERBOARD.  2. INTEL CORE i-3 3.30GHZ HIGH SPEED PROCESSOR.  3. 2GB GRAPHIC CARD INBUILT IN MOTHERBOARD.  4. 4GB RAM DDR-3 {SAMSUNG}.  5. 320GB HARD DISK {SEAGATE}.  6. WINDOW 10 PRO 64 BIT & DRIVER / APPLICATION SOFTWARE INSTALLED.  DO YOU WANT {WINDOW 7 AVAILABLE}.,  CASH ON HOME DELIVERY AVAILABLE IN 2 HOURS ON YOUR PLACE {HOME, OFFICE, COMPANY, SHOP, CYBER CAFE, ETC...  SUMIT CHAUHAN  {72919''''63226} CALLING NUMBER.  {88001''''64114} WHATSAPP NUMBER.",2021-09-21T05:51:18+0000,"₹ 8,999",https://apollo-singapore.akamaized.net:443/v1/files/ltj69624yazr3-IN/image,images/104.png
105,105,105,105,105,105,105,105,105,105,105,105,SEALED PACKED NEW CORE2DUO COMPUTER (4GB RAM+320GB HDD)=1 YR WARRANTY.,"BRANDED NEW CORE2DUO COMPUTER WITH 1 YEAR WARRANTY ALL PARTS BILL CARD.  NEW BOX PACKED 16INCH L.E.D.  NEW ZEBRONICS KEYBOARD & MOUSE,CABLES.  G41 ASUS BRANDED MOTHERBOARD.  BRANDED INTEL CORE2DUO 3.00GHZ HIGH SPEED PROCESSOR LATEST GRAPHICS.  BRANDED 2GB GRAPHIC CARD INBUILT.  BRANDED INTEL BRANDED FAN.  BRANDED 4GB RAM DDR3 SAMSUNG.  BRANDED 320GB HARD DISK SATA SEAGATE.  BRANDED NEW ZEBRONICS CABINET+ POWER SUPPLY.  WINDOW 7, 10 ULTIMATE 64BIT INSTALLED.  ALL APPLICATION SOFTWARE INSTALLED FREE.  CASH ON HOME DELIVERY AVAILABLE IN 2 HOURS {ALL OVER DELHI NCR}.  MORE DETAIL'S:- WHATSAPP NUMBER 88001''''64114..  CALL NOW=72919''''63226 SUMIT CHAUHAN.",2021-09-21T05:50:30+0000,"₹ 8,499",https://apollo-singapore.akamaized.net:443/v1/files/xz1b2sxoamfd2-IN/image,images/105.png
106,106,106,106,106,106,106,106,106,106,106,106,asus tuf vg27a 280hz open box totally new,asus tuf vg27a 280hz open box totally new,2021-09-21T05:14:14+0000,"₹ 26,499",https://apollo-singapore.akamaized.net:443/v1/files/l72oe59igehf-IN/image,images/106.png
107,107,107,107,107,107,107,107,107,107,107,107,Hp loptop cori 5,"Laptop hp good condition, Ram 4 bf Hard drive 500 gb  Propuse of sell need money  Price 14000",2021-09-21T05:02:39+0000,"₹ 14,000",https://apollo-singapore.akamaized.net:443/v1/files/nqlfphqso3hp2-IN/image,images/107.png
108,108,108,108,108,108,108,108,108,108,108,108,"Dell Laptop with i7 processor, 16GB RAM, 500 GB SSD etc",Dell Vostro 15 3558 P52F Laptop  I had purchased it in 2016.  Specifications  I7  16 GB Ram  2 TB Hard disk  500 GB SSD  2 GB Graphics Card,2021-09-21T04:13:24+0000,"₹ 32,000",https://apollo-singapore.akamaized.net:443/v1/files/8k9gjlinpnh9-IN/image,images/108.png
109,109,109,109,109,109,109,109,109,109,109,109,Toshiba laptop,Selling my toshiba laptop gen 5 hd 1tb,2021-09-21T03:32:08+0000,"₹ 10,500",https://apollo-singapore.akamaized.net:443/v1/files/m5z1v5r2mpvq2-IN/image,images/109.png
110,110,110,110,110,110,110,110,110,110,110,110,Computer sale,"Intel Core2dual,  -2gb ram, 14""led screen, 320gb. Hard disk..with keyboard mouse.",2021-09-21T02:17:24+0000,"₹ 6,000",https://apollo-singapore.akamaized.net:443/v1/files/5ap0jf46okfb2-IN/image,images/110.png
111,111,111,111,111,111,111,111,111,111,111,111,Mobile counter table emergency sale,Please call me,2021-09-21T01:40:38+0000,"₹ 1,500",https://apollo-singapore.akamaized.net:443/v1/files/92yz4j20pnr4-IN/image,images/111.png
112,112,112,112,112,112,112,112,112,112,112,112,BENQ XL2546,"BENQ XL2546 (monitor for e-sports) Max resolution 1920*1080  Can hit 4k resolution @ 60fps Open for a negotiation  With bill, box and all original accessories  Only genuine buyers contact",2021-09-20T23:07:56+0000,"₹ 28,000",https://apollo-singapore.akamaized.net:443/v1/files/2tvwimh8d8ij1-IN/image,images/112.png
113,113,113,113,113,113,113,113,113,113,113,113,20 inch Aoc monitor,2years old 20 inch AOC MONITOR IN mint condition.,2021-09-20T16:29:01+0000,"₹ 4,200",https://apollo-singapore.akamaized.net:443/v1/files/y3fdez2kjbd21-IN/image,images/113.png
114,114,114,114,114,114,114,114,114,114,114,114,Apple Mac Book Pro,Laptop in very good condition. 128 GB with graphics card and very good battery back up.,2021-09-20T15:50:43+0000,"₹ 50,000",https://apollo-singapore.akamaized.net:443/v1/files/4b32opzc1gyn2-IN/image,images/114.png
115,115,115,115,115,115,115,115,115,115,115,115,Desktop computer with Large size screen,HuSelling my desktop computer with large size screen along with UPS,2021-09-20T15:39:52+0000,"₹ 6,000",https://apollo-singapore.akamaized.net:443/v1/files/mxrdbuik2eg9-IN/image,images/115.png
116,116,116,116,116,116,116,116,116,116,116,116,Dell Inspiron 3000 series model 2018,Processor - intel i5 8th gen  Ram           -  4 GB  DDR5  Graphic card - 2GB AMD RADEON  Disk        -  1 TB hdd Windows 10 Home original  15.6 inch screen  Anti glare display Spill resistant keyboard  6 Hrs of battery backup  No physical damage  Tip top condition  In warranty till july 2021 Charger included with laptop,2021-09-20T14:57:42+0000,"₹ 32,999",https://apollo-singapore.akamaized.net:443/v1/files/pkj8sfi3bg4c1-IN/image,images/116.png
117,117,117,117,117,117,117,117,117,117,117,117,HP Gaming Laptop with Gtx 1050 graphic(New like condition),"Hp pavilion Gaming series laptop Specifications: Gtx1050 card Intel i5 8th gen 8 gb ram 128GB SSD + 1TB HDD Backlit keyboard 60FPS screen Company fitted screen guard(removable) All buttons working no physical and internal defect. Original box , original charger and original bill available Only 2 yrs old",2021-09-20T14:54:18+0000,"₹ 45,999",https://apollo-singapore.akamaized.net:443/v1/files/o6mj5wytdnf7-IN/image,images/117.png
118,118,118,118,118,118,118,118,118,118,118,118,Compaq laptop good condition,Laptop with charger,2021-09-20T14:47:54+0000,"₹ 9,000",https://apollo-singapore.akamaized.net:443/v1/files/lg4msi2dp4yx-IN/image,images/118.png
119,119,119,119,119,119,119,119,119,119,119,119,Computer festival,Best computer for your home  Best computer in your budget Ram 2 gb  Hard disk 320gb Dual core  Operating system windows 10 In new condition and working fabulously With a beautifull wireless gaming mouse of logitech No scratches and defects Payment in cash only,2021-09-20T14:29:24+0000,"₹ 8,499",https://apollo-singapore.akamaized.net:443/v1/files/hw1qvyr290yh-IN/image,images/119.png
120,120,120,120,120,120,120,120,120,120,120,120,16 g.b ecc ram DDR4 RDIMM ECC Newly packed RAM,Box packed sealed Certified-for-Dell-16-GB-DDR4-2133-ECC-RDIMM for workstation.,2021-09-20T13:08:05+0000,"₹ 10,000",https://apollo-singapore.akamaized.net:443/v1/files/6e7ljy7mhbdu-IN/image,images/120.png
121,121,121,121,121,121,121,121,121,121,121,121,Apple mac book air i5,Apple laptop very good condition 256 ssd ram 11 inch 1.6 GHz i 5,2021-09-20T13:01:35+0000,"₹ 35,000",https://apollo-singapore.akamaized.net:443/v1/files/jq5uiuq5pyrt-IN/image,images/121.png
122,122,122,122,122,122,122,122,122,122,122,122,New gaming headphone,Product Name: Fancy cool product Product Type: Headset Type: Over The Ear Compatibility: Other Devices Mic: Yes Audio Jack Type: 3.5 mm Water Resistant: No Cable Length: 200 cm Dynamic Driver: 30 mm Dust Protected: Yes Sweat Proof: Yes Service Type: Replacement  Sizes:  Free Size Country of Origin: China,2021-09-20T12:49:57+0000,"₹ 2,000",https://apollo-singapore.akamaized.net:443/v1/files/qw9k304b3ssj2-IN/image,images/122.png
123,123,123,123,123,123,123,123,123,123,123,123,Apple macbook pro,Macbook pro i7/12GB/750GB,2021-09-21T10:37:24+0000,"₹ 31,000",https://apollo-singapore.akamaized.net:443/v1/files/xkavvpghw0ak-IN/image,images/123.png
124,124,124,124,124,124,124,124,124,124,124,124,Lenovo think pad x200,Lenovo think pad x200 working condition windows 7,2021-09-21T10:24:51+0000,"₹ 8,000",https://apollo-singapore.akamaized.net:443/v1/files/hyjg7344tpll1-IN/image,images/124.png
125,125,125,125,125,125,125,125,125,125,125,125,Mackbook pro 2011,I7 2gen  Needs a little repairs,2021-09-21T10:22:41+0000,"₹ 15,000",https://apollo-singapore.akamaized.net:443/v1/files/ashkr8c55m7l2-IN/image,images/125.png
126,126,126,126,126,126,126,126,126,126,126,126,Macbook Air,"Macbook Air bought in 2017 with original box, charger and bill. Everything on the MacBook is working perfectly and there are no scratches. Bluetooth is not working. It is in great condition.  Storage: 128 GB RAM: 8GB Processor: Core i5 1.6GHz",2021-09-21T09:51:31+0000,"₹ 43,500",https://apollo-singapore.akamaized.net:443/v1/files/2a3baumfdhug-IN/image,images/126.png
127,127,127,127,127,127,127,127,127,127,127,127,"Dell Inspiron 5368 i3-6th 12GB DDR4, 1TB 2in1 Convertible Touch Laptop",I am selling my Dell Inspiron 5368 360 degree foldable 2 in 1 touch laptop used by my daughter... It has been used mildly and with care always.  Had always been under protective lamination and has no scratches or dents whatsoever.  i3-6th Generation. 12GB DDR4 RAM 2600mMHz 1TB Hardisk Touch 1920x1080p Full HD Display  More than 4 hours of Battery Backup Professional Grey colour laptop. MRP was more than 80000₹ Laptop is completely like new and maintained.,2021-09-21T09:48:24+0000,"₹ 31,999",https://apollo-singapore.akamaized.net:443/v1/files/0su1d8pxpxqx1-IN/image,images/127.png
128,128,128,128,128,128,128,128,128,128,128,128,42 inches 4K Smart Android Led TV_Brilliant performance + Monsoon sale,Features  2 HDMI port  2 USB port  AV option  audio output  RJ45 port  RF option  screen mirroring  Wi-Fi connection  laptop PC connectivity  Door delivery available  Without warranty and  With warranty available  credit card accepted,2021-09-21T09:46:32+0000,"₹ 11,999",https://apollo-singapore.akamaized.net:443/v1/files/e2pgyntdl7a12-IN/image,images/128.png
129,129,129,129,129,129,129,129,129,129,129,129,32&quot; Sony Just 9999 only Brand New UHD LED TV amazing festival off,Features  2 HDMI port  2 USB port  AV option  audio output  RJ45 port  RF option  screen mirroring  Wi-Fi connection  laptop PC connectivity  Door delivery available  Without warranty and  With warranty available  credit card accepted,2021-09-21T09:44:00+0000,"₹ 9,999",https://apollo-singapore.akamaized.net:443/v1/files/3tm324vz6kf31-IN/image,images/129.png
130,130,130,130,130,130,130,130,130,130,130,130,HP Printer DeskJet ink advantage 2600,1 year old printer with good condition.,2021-09-21T09:40:11+0000,"₹ 3,500",https://apollo-singapore.akamaized.net:443/v1/files/hdm7fg7efl7p3-IN/image,images/130.png
131,131,131,131,131,131,131,131,131,131,131,131,Lenovo Thinkpad notebook,"Very Good Conditions , Lanovo Laptop thinkpad notebook , 4 GB Ram ,164 Gb HDD , 4000 MAH Battary,  Battery.windows 10 oprating system , intel core i5 TM CPU , 14 inch Screen , Normal good Sound , with Web Camera.negotion avaiable.",2021-09-21T09:28:48+0000,"₹ 19,000",https://apollo-singapore.akamaized.net:443/v1/files/b3rxf0xxz5663-IN/image,images/131.png
132,132,132,132,132,132,132,132,132,132,132,132,Apple Macbook pro Touchbar 13 inch 2016,"Mac book pro Touch Bar 2016 13 inches core i5, 8 gb, 500 gb. New like condition. No box and no bill. Warranty over. Can give photo ID if needed. Thanks",2021-09-21T09:28:41+0000,"₹ 77,000",https://apollo-singapore.akamaized.net:443/v1/files/c4xkptabipbh3-IN/image,images/132.png
133,133,133,133,133,133,133,133,133,133,133,133,Keyboard and Mouse and Gamepad With Type C otg with usb Hub COMBO,"Everything in working condition  Best Combo for tablet pc,laptop,Phone,Tablet  Must buy",2021-09-21T08:23:08+0000,"₹ 1,999",https://apollo-singapore.akamaized.net:443/v1/files/qd9ezkstv3ii3-IN/image,images/133.png
134,134,134,134,134,134,134,134,134,134,134,134,Macbook pro 1425,Very carefully used Mac 128GB SSD 8 GB RAM RETINA DISPLAY ORIGINAL CHARGER Dentless from all edges. Laminated from day one.  2 issues: 1. Battery is over 2. Speakers have but bursted sound as i played it on 200% volume in VLC.,2021-09-21T08:05:31+0000,"₹ 34,999",https://apollo-singapore.akamaized.net:443/v1/files/sz9odo6mm1uo3-IN/image,images/134.png
135,135,135,135,135,135,135,135,135,135,135,135,HP laptops,"Make : Hp   Model : 840   Condition : New   Color : Dark&Light Grey    Type : UltraBook    Series : EliteBook   Processor : Core i5 4th Gen   Ram : 4Gb   HardDrive : 320GB   Graphics : 2Gb Graphics   ScreenSize : 14""   BatteryBackup : 2 Hours+    Includes : Commercial WiFi, Bluetooth, HD Webcam, Dual trackpad, Fingerprint Sensor, Backlit Keyboard, Silent CPU, Sorround Sound Speaker, 3.0 USB, Matte Screen, Charger, Bill     Warranty : 3 Months with bill.",2021-09-21T07:46:31+0000,"₹ 25,999",https://apollo-singapore.akamaized.net:443/v1/files/jbkw6ahnnpcs3-IN/image,images/135.png
136,136,136,136,136,136,136,136,136,136,136,136,Dell laptop very good condition,i5/4 gb ram/500 gb hardisk,2021-09-21T07:32:22+0000,"₹ 20,000",https://apollo-singapore.akamaized.net:443/v1/files/oghiwwnwmrm8-IN/image,images/136.png
137,137,137,137,137,137,137,137,137,137,137,137,C2D Mix Laptops,"Make : Hp Dell Lenovo Toshiba Acer Etc..   Model : mix   Condition : Refurb old   Color : Mix   Type : Commercial Laptop   Series : Mix   Processor : Core 2 Duo   Ram : 2Gb   HardDrive : 160gb   Graphics : 1gb   ScreenSize : 14""   BatteryBackup : 1hour+   Includes : Commercial WiFi, Bluetooth, HD Webcam, Dual trackpad, Fingerprint Sensor, Backlit Keyboard, Silent CPU, Sorround Sound Speaker, 3.0 USB, Matte Screen, Charger, Bill.   Warranty : 3 Months with bill.",2021-09-21T07:31:32+0000,"₹ 7,999",https://apollo-singapore.akamaized.net:443/v1/files/e2sk87qzittc3-IN/image,images/137.png
138,138,138,138,138,138,138,138,138,138,138,138,"Buy Hp i5 Study,  Robust High Performance and Trusted Laptop","Visit - www,lapmall,in for best laptop deals  Buy Hp i5 Study,  Robust High Performance and Trusted Laptop  *Hp Elitebook 8440* *_Specs_*       -  _Cpu_            - Core i5 _Ram_           - 4Gb  _Hdd_            - 320 _Screen_       - 14.1 _Webcam_    - Yes _Warranty_    - 30 Days *Price         -16500  हम सिर्फ लैपटॉप नहीं बेकते, लैपटॉप खरीदने के बाद आपको 6 महीने तक आपको सपोर्ट भी देते हैं  हम देते हैं आपको  सब  से  अच्छे   की  गारंटी   हम देते हैं आपको  सब  से  सस्ते  की  गारंटी   हम देते हैं आपको  सब  दिन  सहयोग  की  गारंटी   हम देते हैं आपको  डायरेक्ट लैपटॉप को रिप्लेसमेंट की गारंटी  बिना किसी इंतजार के ।  हम देते हैं आपको  प्रीमियम प्रोडक्ट की गारंटी  Note - हम आपको जो लैपटॉप बेचते हैं उनको हम अपने पास 7 दिन 24 घंटे पहले अपने पास लगातार टेस्ट करते है। जिससे आपको हम चुनिंदा और बेहतर लैपटॉप दे सकें, जो आपको भविष्य में धोखा न दे  और आप बेफिक्र रह सकें  हम आपको सिर्फ अच्छी कंडीशन( US से Import लैपटॉप) और कम से कम चले हुए लैपटॉप देते हैं,  नाकि वैसे जो लोग E-Waste ( कंपनियों से ख़राब लैपटॉप  किलो के रेट में खरीदे गए ) से खरीद कर रिपेयर करके बेकते हैं  We can deliver all india best quality Laptops  हमारे पास सभी प्रकार के Latest Generation के Laptop Available रहते हैं वो भी सभी बड़ी कम्पनियो के  हमारे सभी लैपटॉप आसानी से अपग्रेड होने वाले हैं , आप इनमे Ram, Hdd, Processor जो चाहे वो बढ़वा सकते हैं  हम कस्टमर से रिश्ते बनाते हैं भरोसे की बुनियाद पर, आपको कभी भी किसी सलाह या सहयोग की आवश्यकता होती है तो हम हमेशा आपके साथ होते है। जिससे आपको कभी भी पुराना लैपटॉप खरीदते वक़्त भय का अनुभव न हो, बल्कि भरोसे और सहयोग का अनुभव हो  Note- हमारे बारे में अधिक जानकारी के लिए आप Google पर search कर सकते हैं "" Lapmall या Rajdhani Technology लिख कर।",2021-09-21T07:09:52+0000,"₹ 16,500",https://apollo-singapore.akamaized.net:443/v1/files/xkm47sxu8ivk-IN/image,images/138.png
139,139,139,139,139,139,139,139,139,139,139,139,Computer in working condition for sale,"Assembled pentium R dual core CPU with 2gb RAM...20 inch dell monitor,lenovo keyboard,3  i ball speakers for sale",2021-09-21T06:48:14+0000,"₹ 8,500",https://apollo-singapore.akamaized.net:443/v1/files/qjcm4dd9npxn2-IN/image,images/139.png
140,140,140,140,140,140,140,140,140,140,140,140,very good condition,HP 15.6 Core i5 3th gen  Ram 4 hardiks 500 gb  No battery No charger,2021-09-21T06:21:54+0000,"₹ 11,000",https://apollo-singapore.akamaized.net:443/v1/files/6o16p7mia1ik1-IN/image,images/140.png
141,141,141,141,141,141,141,141,141,141,141,141,Laptop good condition 4gb/1tb Acer,Laptop good condition4gb/1tb Acer,2021-09-21T06:03:32+0000,"₹ 18,500",https://apollo-singapore.akamaized.net:443/v1/files/or859sn2ekjo-IN/image,images/141.png
142,142,142,142,142,142,142,142,142,142,142,142,BACK TO BACK NEW INTEL CORE i-5 CPU {4GB RAM+500GB} = 1 YEAR WARRANTY.,"NEW INTEL CORE i-5 CPU BOX PACKED WITH 1 YEAR ALL PARTS WARRANTY.  {GAMING, GRAPHIC, SOFTWARE} BEST PLAY.  {-MSI-} H-61 MOTHERBOARD.  INTEL CORE i-5 3.00GHZ PROCESSOR HIGH SPEED & BEST GRAPHICS.  2GB GRAPHICS MEMORY ON BOARD.  4GB RAM DDR-3 {-SAMSUNG-}  500GB HARD DISK SATA {-SEAGATE}.  NEW CABINET & POWER SUPPLY {-ZEBRONICS-}.  WINDOW-10 PRO WITH DRIVERS INSTALLED {-FREE-}.  CASH ON HOME DELIVERY AVAILABLE IN 2 HOURS ON YOUR PLACE {ALL OVER DELHI NCR}.  ADDRESS  {J.C COMPUTER}  267-C BLOCK, GANDHI VIHAR, {MUKHERJEE NAGAR, DELHI-110009.  TIMING=10:00A.M TO 8:00P.M  SUMIT CHAUHAN:-  ORDER NOW {88001''''64114} AND {72919''''63226}",2021-09-21T05:56:02+0000,"₹ 10,999",https://apollo-singapore.akamaized.net:443/v1/files/y8piet4m1dyl3-IN/image,images/142.png
143,143,143,143,143,143,143,143,143,143,143,143,Sell Apple macbook pro flawless condition with original charger,Apple macbook pro flawless condition with original charger only. I5 3rd gen processor. 4/256gb ssd. Not even a single scratch or no dents very less used. Only genuine buyers contact me,2021-09-20T12:45:05+0000,"₹ 35,000",https://apollo-singapore.akamaized.net:443/v1/files/o5f1taf09r483-IN/image,images/143.png
144,144,144,144,144,144,144,144,144,144,144,144,Swiss Military Luxery Collection 48 cms Black Laptop Backpack (LBP76),its a Laptop Bag purchased in February 2021. Not used much as working from Home. Bag is in very good condition.11,2021-09-20T12:29:49+0000,"₹ 1,200",https://apollo-singapore.akamaized.net:443/v1/files/37192j4co0y93-IN/image,images/144.png
145,145,145,145,145,145,145,145,145,145,145,145,Gaming Cabinet,Gaming Cabinet,2021-09-20T12:19:56+0000,"₹ 3,500",https://apollo-singapore.akamaized.net:443/v1/files/h6wxunbvpdbf2-IN/image,images/145.png
146,146,146,146,146,146,146,146,146,146,146,146,MACBOOK AIR M1 256GB model,I want to sell my Macbook Air M1 256gb model golden colour 5 months old Brand new condition With Bill box,2021-09-20T12:15:02+0000,"₹ 76,000",https://apollo-singapore.akamaized.net:443/v1/files/w3xgq5eh0uso1-IN/image,images/146.png
147,147,147,147,147,147,147,147,147,147,147,147,New fancy earphone,Product Name: Fancy EARPHONE Material: ABS Plastic Product Type: Foldable over the head Type: Over The Ear Multipack: 1 Color: Multi Mic: Yes Charging Type: Micro USB Control Button: Yes Sports Earphones: Yes  Best quality extra bass clear sound Sizes:  Free Size Country of Origin: India,2021-09-20T12:08:27+0000,₹ 600,https://apollo-singapore.akamaized.net:443/v1/files/ru3xw09tlwb53-IN/image,images/147.png
148,148,148,148,148,148,148,148,148,148,148,148,ASUS FX705DY 2 years old with additional 512 SSD And total 16 GB RAM,Laptop cost 60k Additional RAM 3k Additional 515 GB SSD 5K Additional 2 years warranty 9k  TOTAL 77K.  Selling for 45k.  Warranty remaining till Aptil 2022.   Run most of the Games in HD resolution on max settings and most new titles on Full HD on medium settings.   I had used it lightly and the condition is pristine. No damage or wearing and tearing at all so please do not give me ridiculous offers. I will not entertain them.   www croma com/asus-tuf-fx705dy-au027t-ryzen-5-windows-10-home-laptop-8-gb-ram-1-tb-hdd-amd-radeon-rx-560x-+-4-gb-graphics-43-18cm-black-/p/217629  Will be giving away a jute cover and a keyboard cover worth 1k for free.,2021-09-20T11:37:26+0000,"₹ 44,999",https://apollo-singapore.akamaized.net:443/v1/files/3wprkw9exbvk2-IN/image,images/148.png
149,149,149,149,149,149,149,149,149,149,149,149,Tommy hilfiger laptop bag,"Branded tommy hilfiger laptop bag, never used in mint condition. Brand new.",2021-09-20T10:47:41+0000,"₹ 1,500",https://apollo-singapore.akamaized.net:443/v1/files/479ieso7stjr2-IN/image,images/149.png
150,150,150,150,150,150,150,150,150,150,150,150,Sell my core 2 duo 4/500gb hdd. Excellent working condition. Only b,Sell my core 2 duo 4/500gb hdd. Excellent working condition. Only battery need to be replace. Otherwise laptop working fine. Interested people contact me,2021-09-20T10:15:42+0000,"₹ 10,000",https://apollo-singapore.akamaized.net:443/v1/files/nz3u00i3ap781-IN/image,images/150.png
151,151,151,151,151,151,151,151,151,151,151,151,Acer Predator Helios 300 laptop in good condition,"Acer predator Helios 300 in good condition. 3.5 yrs old. Specifications: Overclocked i7 7th Gen specifically for gaming laptops 8GB Ram 128gb ssd 1TB Hdd Nvidia GTX 1050Ti  All in good condition, protected using laminations and screen protector since day 1. Recently serviced.  Small dent contact further for queries. It is available with Bill and original box. Low ballers please stay away.",2021-09-20T10:00:30+0000,"₹ 44,999",https://apollo-singapore.akamaized.net:443/v1/files/1kdtgw1knhd8-IN/image,images/151.png
152,152,152,152,152,152,152,152,152,152,152,152,Fix price Apple macbook pro i5 3rd gen. 4/500gb hdd. With graphic card,Fix price Apple macbook pro i5 3rd gen. 4/500gb hdd. With graphic card No scratches no dents. Totally new condition not much used. Only original charger available. Geniune buyers contact me. Time passer stay away. Nd don't sent stupid offers.,2021-09-20T09:52:09+0000,"₹ 31,000",https://apollo-singapore.akamaized.net:443/v1/files/0gl78p3mitm91-IN/image,images/152.png
153,153,153,153,153,153,153,153,153,153,153,153,Dell latutude 7310 2 in 1,"Dell latitude 7310 2in1 very less used almost 1 year old box,charger,stylus pen.",2021-09-20T08:32:04+0000,"₹ 98,000",https://apollo-singapore.akamaized.net:443/v1/files/eutc9we238xo-IN/image,images/153.png
154,154,154,154,154,154,154,154,154,154,154,154,APNE HISAB SE LIJIYE INTEL CORE i-3 COMPUTER WI-FI WITH 1YEAR WARRANTY,INTEL CORE i-3 COMPUTER WI-FI WITH 1 YEAR WARRANTY BILL CARD ALL PARTS NEW AND BRANDED.  WI-FI DEVICE.  NEW SEALED PACKED 16 INCH L.E.D.  NEW ZREBRONICS KEYBOARD/MOUSE/CABLES.  2GB GRAPHIC MEMORY IN-BUILT HIGH PERFORMANCE.  H-61 MSI BRANDED MOTHERBOARD.  INTEL CORE i-3 3.30GHZ PROCESSOR HIGH SPEED MULTI WORKS.  4GB RAM DDR-3 SAMSUNG BRAND.  500GB HARD DISK SATA SEAGATE BRAND.  ZEBRONICS CABINET+POWER SUPPLY BEST LOOKING.  FREE= WINDOW-10 ULTIMATE & DRIVERS INSTALLED.  CASH ON HOME DELIVERY AVAILABLE ON YOUR PLACE.  CALLING & WHATSAPP NUMBER=88001''''64114 &  72919''''63226.,2021-09-20T08:28:49+0000,"₹ 11,999",https://apollo-singapore.akamaized.net:443/v1/files/nyurocpgua602-IN/image,images/154.png
155,155,155,155,155,155,155,155,155,155,155,155,"Samsung watch 4, silver 44mm brand new","Samsung watch 4, 44mm , silver brand new , 1 week old only unsed . Fixed price, no bargain, yes or no price, only serious buyers call",2021-09-20T08:16:16+0000,"₹ 20,990",https://apollo-singapore.akamaized.net:443/v1/files/cr3h002jkz2b3-IN/image,images/155.png
156,156,156,156,156,156,156,156,156,156,156,156,MACBOOK PRO 15 2018 model,"Macbook pro 2018 model Processor: Core i7  Ram: 16GB Storage: 256GB Battery cycle: 175 15” screen size 6-7 hours battery backup Bill amount: 1,95,000  Macbook is very less used and condition is mint. I can give bill but box is misplaced   No negotiations",2021-09-20T08:15:23+0000,"₹ 85,000",https://apollo-singapore.akamaized.net:443/v1/files/xzoj4rdxo3j81-IN/image,images/156.png
157,157,157,157,157,157,157,157,157,157,157,157,Dell latitude laptop 4gb ram 500gb hdd,Dell latitude laptop is best condition me hai koi dikat nahi hai only charger hai original bill nahi hai me apni id de dunga,2021-09-20T08:05:50+0000,"₹ 17,000",https://apollo-singapore.akamaized.net:443/v1/files/knt4003m57f21-IN/image,images/157.png
158,158,158,158,158,158,158,158,158,158,158,158,Lenovo laptop AMD A8-  8gbram-1000gbhdd,LENOVO idea pad AMD A8- 8gbram-1000gbhdd-15.6 display good condition laptop,2021-09-20T07:29:10+0000,"₹ 18,000",https://apollo-singapore.akamaized.net:443/v1/files/woo1o6anxjvp-IN/image,images/158.png
159,159,159,159,159,159,159,159,159,159,159,159,STOCK CLEARANCE SALE! USED DELL LAPTOP ON HEAVY DISCOUNT + BILL,"लेपटॉप की कोई भी जानकारी के लिए आप तुरंत कॉल करे:- ９８７1７1００８５ . . . . . . . . . . . . . . . . . . . . (1) DELL Series Used Laptop (2) Intel Core i 5 (3) A++ Laptop (4) Ram 4 GB | Hdd 320 GB  (5) Warranty : 3 MONTH | USED Time : 1 Yr (Expected)  . . . . . . . . . . . . . . . . . . . . RAM & HDD : EASILY UP-GRADABLE . . . . . . . . . . . . . . . . . . . . Address : ９８７1７1００８５ JHANDEWALAN METRO , EXIT GATE NO 2 ( NEAR METRO ) . . . . . . . . . . . . . . . . . . . . Payment Mode : Cash on Delivery / EMI / Card Swipe Etc.  Core 2 Duo / Core i 5 / Core i 7 Pre-Owned Mini / NoteBook / UltraBook . . . . . . . . . . . . . . . . . . . . OFFICE TIME : 11.30 AM - 7.30 PM (Sunday Open) ** COD AVAILABLE ALL INDIA **  LOCATION_MAP : 16c40cc6-b909-415f-a6db-8f6df17fa1d3   Available Models :  - - - - - - - - - - - - - -  #Dell4310 #Dell6410 #Dell6420 #Dell6430 #Dell6330 #Dell3350 #Dell5450 #Dell7450  #HP8470 #HP9470 #HP840G1 #HP840G2     TAG: #DELL #DELL #LENOVO #Used #Used #DELL #Used #LENOVO #LENOVO #UltraBook #Laptop #Notebook #Notebook #Corprate-Used #Mini #LENOVO #Mini #SecondHand #Used #Mini #Preowned #Laptop #Apple #Mini",2021-09-20T07:00:24+0000,"₹ 13,999",https://apollo-singapore.akamaized.net:443/v1/files/7rpshmnrfr952-IN/image,images/159.png
160,160,160,160,160,160,160,160,160,160,160,160,Hp probook,I3 2nd generation 4gb ram 320gb hard disk,2021-09-20T06:15:56+0000,"₹ 15,000",https://apollo-singapore.akamaized.net:443/v1/files/lnkmrcsw2r7o1-IN/image,images/160.png
161,161,161,161,161,161,161,161,161,161,161,161,Box sofa with cushio + laptop or computer stand,Boc sofa with cushion + laptop or computer stand  only 1000 rs in Rajouri Garden plz contact,2021-09-20T06:02:11+0000,"₹ 1,000",https://apollo-singapore.akamaized.net:443/v1/files/9iswxf8ivxs81-IN/image,images/161.png
162,162,162,162,162,162,162,162,162,162,162,162,Hp laptop- 4gbram-120gbhdd-14 inch,HP laptop-4gbram-120gbhdd-14 inch good condition laptop,2021-09-20T05:45:32+0000,"₹ 8,500",https://apollo-singapore.akamaized.net:443/v1/files/75vlwylli7kh3-IN/image,images/162.png
163,163,163,163,163,163,163,163,163,163,163,163,hp m6 envy laptop base,hp m6 envy laptop base new,2021-09-20T05:24:43+0000,"₹ 2,000",https://apollo-singapore.akamaized.net:443/v1/files/nkhoax85fud-IN/image,images/163.png
164,164,164,164,164,164,164,164,164,164,164,164,Gaming pc 8gbram i5 processor gt 710 2gb graphics card,Under warranty 8months  from neheru place,2021-09-20T04:47:20+0000,"₹ 26,000",https://apollo-singapore.akamaized.net:443/v1/files/7sd4zkku6dhk1-IN/image,images/164.png
165,165,165,165,165,165,165,165,165,165,165,165,Microsoft Surface Pro 128GB,Sparingly used Microsoft Surface pro with original Microsoft keyboard flap. Intel Core i5 5th Gen | 4GB Ram | 128GB SSD | 12” Touch screen,2021-09-20T02:40:37+0000,"₹ 40,000",https://apollo-singapore.akamaized.net:443/v1/files/3j476rbi1yr7-IN/image,images/165.png
166,166,166,166,166,166,166,166,166,166,166,166,Printing available printing shop print out available,Printing services available for pdf pages and all documents shop open from morning 10 to 11 night closed message me if any.one want to print out,2021-09-19T21:23:06+0000,"₹ 8,000",https://apollo-singapore.akamaized.net:443/v1/files/alom8ye3fn68-IN/image,images/166.png
167,167,167,167,167,167,167,167,167,167,167,167,APPLE Air  macbook,I am selling my Air macbook,2021-09-19T19:52:36+0000,"₹ 50,000",https://apollo-singapore.akamaized.net:443/v1/files/ckdrcvdbhnis3-IN/image,images/167.png
168,168,168,168,168,168,168,168,168,168,168,168,Laptop 3/128 basic,Charger on laptop argnt sale,2021-09-19T19:46:44+0000,"₹ 5,000",https://apollo-singapore.akamaized.net:443/v1/files/c0wjiewoyfcc3-IN/image,images/168.png
169,169,169,169,169,169,169,169,169,169,169,169,Apple macbook Pro 13-inch,MacBook Pro Model 2012  Display 13 inch  i5 processor  Graphics 4000 8Gb Ram / 240 SSD  Battery backup 5 hours All working condition,2021-09-19T18:24:20+0000,"₹ 30,000",https://apollo-singapore.akamaized.net:443/v1/files/9y2xypzzz3c7-IN/image,images/169.png
170,170,170,170,170,170,170,170,170,170,170,170,Want to SALE laptops,"i5, and i7, Dell latitude model E6430. 8 GB RAM, 500 GB Hard Drive. i5, Rate 22000 RS To i7, 28000 RS",2021-09-19T18:15:13+0000,"₹ 22,000",https://apollo-singapore.akamaized.net:443/v1/files/qm1k4b0vrssq1-IN/image,images/170.png
171,171,171,171,171,171,171,171,171,171,171,171,Docking station for Lenovo X250,Original docking station for Lenovo X250 along with original 135W Power cable. It’s brand new and hardly ever used. No bill as it has been purchased from Finland,2021-09-19T16:44:42+0000,"₹ 8,000",https://apollo-singapore.akamaized.net:443/v1/files/6x3zl1a9crsv-IN/image,images/171.png
172,172,172,172,172,172,172,172,172,172,172,172,Used laptop for sale,HP Compaq Presario CQ42 Laptop Pentium Dual Core HDD 320 GB RAM 2 GB Laptop is in perfect working condition  Windows 10 Pro MS office Battery backup 30 mins Body cracks in two places,2021-09-19T16:41:35+0000,"₹ 8,999",https://apollo-singapore.akamaized.net:443/v1/files/j05fjyrf05xs-IN/image,images/172.png
173,173,173,173,173,173,173,173,173,173,173,173,Lenovo t470s  and t460 i5 6th generation,Lenovo ThinkPad t470s  8gb ram  256gb m.2  Double battery T460 price 25000 T470s 32000,2021-09-19T16:17:47+0000,"₹ 32,000",https://apollo-singapore.akamaized.net:443/v1/files/dw4c12luwdbo1-IN/image,images/173.png
174,174,174,174,174,174,174,174,174,174,174,174,Macbbok pro 13 inch retina didpay 2015,Apple MacBook Pro 2015 13inch retina ok all best battery,2021-09-19T15:27:10+0000,"₹ 34,000",https://apollo-singapore.akamaized.net:443/v1/files/v8i9l0mm4yq5-IN/image,images/174.png
175,175,175,175,175,175,175,175,175,175,175,175,"gaming pc ryzen 5 3600x , gtx 1060 6gb","ryzen 5 3600x 2 months old have bill n box gtx 1060 is 2018 purchase , i have the bill and its in warranty . mobo is b450m gigabyte box available ram 16gb 8x2 3000mhz psu is 500w bronze gigabyte  320gb hdd 360gb ssd i have both cpu cooler as well as antec a40 pro which is way better than stock case is chiptronix , and has a crack on side glass  it has 4 cpu fans",2021-09-19T13:04:41+0000,"₹ 46,000",https://apollo-singapore.akamaized.net:443/v1/files/s1i4gm1x6615-IN/image,images/175.png
176,176,176,176,176,176,176,176,176,176,176,176,Tp link archer c20,One year old approx  Got new broadband which comes with router so use less for me,2021-09-19T12:45:45+0000,"₹ 1,200",https://apollo-singapore.akamaized.net:443/v1/files/v2gsy57m2v3r3-IN/image,images/176.png
177,177,177,177,177,177,177,177,177,177,177,177,i5 processor gaming pc 4gb ram  computer,Hcl cpu body Intel motherboard 4 gb ram in upto 32 gb ram 372 gb hdd  Monitor Acer Windows 10,2021-09-19T11:59:30+0000,"₹ 16,000",https://apollo-singapore.akamaized.net:443/v1/files/btxkxtlcqius3-IN/image,images/177.png
178,178,178,178,178,178,178,178,178,178,178,178,"Lenovo desktop,19inch lcd, 1 gb ram, 150gb hdd","Lenovo desktop,19inch lcd, 1 gb ram, 150gb hdd, intel pentium dual core processor, 5 years old, pickup location RAJ PARK SULTAN PURI ROAD NANGLOI DELHI genuine buyers message or call me",2021-09-19T11:46:19+0000,"₹ 10,000",https://apollo-singapore.akamaized.net:443/v1/files/axd1t54ep9p81-IN/image,images/178.png
179,179,179,179,179,179,179,179,179,179,179,179,Macbook pro m1 256 gb space grey,purchased on 7 march 2021 5 months old MRP 122900 Condition 10/10 Battery health 100% With bill box and all accesories,2021-09-19T11:39:23+0000,"₹ 1,00,000",https://apollo-singapore.akamaized.net:443/v1/files/a1p9brjnir8a-IN/image,images/179.png
180,180,180,180,180,180,180,180,180,180,180,180,Desktop computer,"Assembled desktop Acer 15.6 inch LED display Intex CPU 1 GB ram, 40 GB harddisk Pentium 4 TVS keyboard and mouse Working condition No warranty",2021-09-19T11:30:57+0000,"₹ 9,000",https://apollo-singapore.akamaized.net:443/v1/files/vw5qzdz7e9iq1-IN/image,images/180.png
181,181,181,181,181,181,181,181,181,181,181,181,i5 20Gb/512 ssd laptop in warranty,"i5 10th gen processor 20 Gb ram 512 Gb SSD 10 gb intel graphics Nvidia 2Gb GPU Windows 11 supported Best for heavy Gaming, Editing and office work 2 years company warranty Scratchless mint condition",2021-09-19T10:24:48+0000,"₹ 56,500",https://apollo-singapore.akamaized.net:443/v1/files/fbfalccrn5bt3-IN/image,images/181.png
182,182,182,182,182,182,182,182,182,182,182,182,Ddr2 ram 1 gb And 2gb,Ddr2 ram 1 gb And 2gb,2021-09-19T09:59:41+0000,₹ 550,https://apollo-singapore.akamaized.net:443/v1/files/ymuimil6vblm3-IN/image,images/182.png
183,183,183,183,183,183,183,183,183,183,183,183,COOL NEW {4 GB RAM+320 GB HDD} INTEL CORE i-3 COMPUTER=1 YEAR WARRANTY,INTEL CORE i-3 COMPUTER WITH 1 YEAR WARRANTY BILL CARD ALL PARTS NEW AND BRANDED.  NEW SEALED PACKED 16 INCH L.E.D.  NEW ZREBRONICS KEYBOARD/MOUSE/CABLES.  2GB GRAPHIC CARD IN-BUILT HIGH PERFORMANCE.  H-61 SAMSUNG BRANDED MOTHERBOARD.  INTEL CORE i-3 3.30GHZ PROCESSOR HIGH SPEED MULTI WORKS.  4GB RAM DDR-3 SAMSUNG BRAND.  320GB HARD DISK SATA SEAGATE BRAND.  ZEBRONICS CABINET+POWER SUPPLY BEST LOOKING.  FREE= WINDOW-10 ULTIMATE & DRIVERS INSTALLED.  CASH ON HOME DELIVERY AVAILABLE ON YOUR PLACE.  CALLING & WHATSAPP NUMBER=88001''''64114 &  72919''''63226.,2021-09-19T09:42:49+0000,"₹ 10,999",https://apollo-singapore.akamaized.net:443/v1/files/w1y3r9seua143-IN/image,images/183.png
184,184,184,184,184,184,184,184,184,184,184,184,Iball compbook laptop,"Rarely used and in very good condition   ball Atom Quad Core - (2 GB/32 GB EMMC Storage/ Windows 10 Home) CompBook Excelance Laptop (11.6 inch, Blue, 1 kg)",2021-09-19T09:35:40+0000,"₹ 8,000",https://apollo-singapore.akamaized.net:443/v1/files/ll1m2asmf13v2-IN/image,images/184.png
185,185,185,185,185,185,185,185,185,185,185,185,Selling New Desktop,Desktop not even an year old: Intel i7- 10700F 16 GB RAM 240 GB SSD 1TB HDD GIGABYTE MOTHER BOARD NVIDIA GTX 1050Ti UPS Original bill. Original packaging (for warranty purpose),2021-09-19T09:22:17+0000,"₹ 75,000",https://apollo-singapore.akamaized.net:443/v1/files/mk2ozvmv380v1-IN/image,images/185.png
186,186,186,186,186,186,186,186,186,186,186,186,Computer desktop,"LG monitor ,Sony CPU",2021-09-19T08:57:11+0000,"₹ 8,000",https://apollo-singapore.akamaized.net:443/v1/files/ukh79zfaqpx5-IN/image,images/186.png
187,187,187,187,187,187,187,187,187,187,187,187,I am selling my Motorola razr v3i flip folding Stylish phone,I am selling my Motorola  razr v3i Stylish phone its a very good condition and fully working condition this phone,2021-09-19T08:27:16+0000,"₹ 3,200",https://apollo-singapore.akamaized.net:443/v1/files/2e4g46qtihhj-IN/image,images/187.png
188,188,188,188,188,188,188,188,188,188,188,188,Laserjet hp toner Q2612A,Laserjet toner black,2021-09-19T08:09:56+0000,₹ 800,https://apollo-singapore.akamaized.net:443/v1/files/dsm928k6z9rs2-IN/image,images/188.png
189,189,189,189,189,189,189,189,189,189,189,189,Toshiba c665   i5   laptop 4gb ram 320gb h/d,Good  battery backup  good condition i5 first generation laptop 4gb ram   320gb hardisk,2021-09-19T08:05:33+0000,"₹ 11,000",https://apollo-singapore.akamaized.net:443/v1/files/ar394we8ylvc1-IN/image,images/189.png
190,190,190,190,190,190,190,190,190,190,190,190,कभी भी ऑफर ख़तम हो सकता है NEW INTEL CORE i-5 COMPUTER 1 YEAR WARRANTY.,INTEL CORE i-5 COMPUTER WITH 1 YEAR WARRANTY BILL CARD ALL PARTS NEW AND BRANDED.  NEW SEALED PACKED 16 INCH L.E.D.  NEW ZREBRONICS KEYBOARD/MOUSE/CABLES.  2GB GRAPHIC MEMORY IN-BUILT HIGH PERFORMANCE.  H-61 SAMSUNG BRANDED MOTHERBOARD.  INTEL CORE i-5 2.90GHZ PROCESSOR HIGH SPEED MULTI WORKS.  4GB RAM DDR-3 SAMSUNG BRAND.  320GB HARD DISK SATA W/D BRAND.  ZEBRONICS CABINET+POWER SUPPLY BEST LOOKING.  FREE= WINDOW-10 ULTIMATE & DRIVERS INSTALLED.  CASH ON HOME DELIVERY AVAILABLE ON YOUR PLACE.  CALLING & WHATSAPP NUMBER=88001''''64114 &  72919''''63226.,2021-09-19T08:01:04+0000,"₹ 12,999",https://apollo-singapore.akamaized.net:443/v1/files/k75q0kdaqanh-IN/image,images/190.png
191,191,191,191,191,191,191,191,191,191,191,191,CORE 7TH GEN E7400 GAMING COMPUTER 3GB RAM 500GB HARD DISK 1GB GRAPHIC,LG 2K 1440P LED 18 INCH GAMING MONITOR INTEL 7TH GEN C2D E7400 2.80GHZ BASE 3.20GHZ BOOST PROCESSOR  500GB SEAGATE HARD DISK  1GB INTEL GRAPHICS FOR GAMING AND EDITING WINDOWS 10 PRO INSTALLED AND RUNS VERY SMOOTHLY NEW KEYBOARD AND MOUSE  MSG ME TO BUY OR CALL ON MY NUMBER,2021-09-19T07:49:07+0000,"₹ 7,300",https://apollo-singapore.akamaized.net:443/v1/files/8njeg0nz1wr52-IN/image,images/191.png
192,192,192,192,192,192,192,192,192,192,192,192,"Sale your damage computer &Accessories, Hard Disk, UPS, Ram, SMPS etc.","Sale your damage computer &Accessories, Hard Disk, UPS, Ram, SMPS etc.",2021-09-19T07:31:51+0000,₹ 25,https://apollo-singapore.akamaized.net:443/v1/files/qyxwxwxxtg5n2-IN/image,images/192.png
193,193,193,193,193,193,193,193,193,193,193,193,Readmate computer cum CPU (plug and use),I5 3rd generation 6 gb raam and 500gb hard disk,2021-09-19T07:15:55+0000,"₹ 6,900",https://apollo-singapore.akamaized.net:443/v1/files/gf6nyrarjlzy1-IN/image,images/193.png
194,194,194,194,194,194,194,194,194,194,194,194,Acer Laptop Pentium Gold Core 2 duo,Acer One 14Z2-485 Pentium Gold Laptop 4 GB Ram 1 TB Rom Under Warranty in very good condition,2021-09-19T04:39:37+0000,"₹ 16,000",https://apollo-singapore.akamaized.net:443/v1/files/otutbkivvkd8-IN/image,images/194.png
195,195,195,195,195,195,195,195,195,195,195,195,Selling swiss professional laptop bag,Condition like new  Worth 8000,2021-09-19T04:36:10+0000,"₹ 4,000",https://apollo-singapore.akamaized.net:443/v1/files/etwiu4bnly841-IN/image,images/195.png
196,196,196,196,196,196,196,196,196,196,196,196,Hp i7 4th genration,Hp i7 4th genration 4gb ram 1 tb hard-disk with touch display need money contact me 5his numbers 9️⃣2️⃣8️⃣9️⃣2️⃣7️⃣3️⃣1️⃣1️⃣9️⃣,2021-09-19T04:17:05+0000,"₹ 30,000",https://apollo-singapore.akamaized.net:443/v1/files/y8ci792idq632-IN/image,images/196.png
